1,What is the main function of 'io_driver_safety_conf_'?,"The main function of 'io_driver_safety_conf_' is to pass the configuration for safety-critical applications to the IO Driver. This structure, defined as IO_DRIVER_SAFETY_CONF, is used during the global initialization of the IO driver to ensure that the driver is set up correctly for applications that require stringent safety measures."
2,"What are the key elements in the collaboration diagram, and which label does the purple line point to?","The key elements in the collaboration diagram include:

Application Functionality: This represents the application written by the system integrator.
Input Drivers, MATCH Embedded Core, and Output Drivers: These represent the MATCH core and the Autocode Builder software frame. The input/output drivers are built from the library blocks and contain all the definitions done with the Project Definition Tool (PDT).
MATCH Core Library Files: These files are compiled together with the application and provide functions and services such as parameter handling with EEPROM management, communication protocols including CAN communication, and error management.
The purple line in the diagram points to the Test and Simulation Environment (TSE) icon. The TSE is used by the system integrator for module, integration, and application testing, and serves as the front-end to the Remote Test Bench (RTB), a virtual test bench for application simulation, and a Python-based test scripting environment."
3,What might the other smaller labels in the diagram represent?,"The other smaller labels in the diagram likely represent various technical terms and abbreviations commonly used in the context of electronic systems and software development. Here are some examples:

ADC - Analog-to-Digital Converter
API - Application Programming Interface
CAN - Controller Area Network
CPU - Central Processing Unit
CTS - Clear to Send
DC - Direct Current
DI - Digital Input
DOUT - Digital Output
DO - Digital Output
ECU - Electronic Control Unit
EEPROM - Electrically Erasable Programmable Read-Only Memory
EMC - Electromagnetic Compatibility
Flash - Nonvolatile computer storage
GND - Ground
HS - High Side
HW - Hardware
I/O - Input and Output
IN - Input
LIN - Local Interconnect Network
LSB - Least Significant Bit
LS - Low Side
These labels are used to denote specific components, functionalities, or parameters within the system, aiding in the clear and concise communication of technical details."
4,What data fields are included in the structure of 'io_driver_safety_conf_'?,"The structure io_driver_safety_conf_ includes the following data fields:

command_period: Time in microseconds (us), representing the interval between two consecutive software cycles. The value range is 1000 to 50000.
error_callback: A callback function for non-fatal errors. This parameter can be set to NULL to disable the feature.
glitch_filter_time: Time in milliseconds (ms) for which an error condition must persist before an error reaction is taken. The value range is 1 to 180.
notify_callback: A callback function for notifications.
reset_behavior: A field representing the reset behavior.
window_size: A field representing the window size.
These fields are used to configure safety-critical applications for the IO Driver."
5,What information does the overall layout and content of the collaboration diagram convey?,"The provided context does not contain information about the overall layout and content of a collaboration diagram. It primarily discusses the pinning and connectors of the HY-TTC 500 System, including details about the main connector and various input/output configurations. Therefore, I don't know the answer based on the given context."
6,What is the endianness configuration of the ARM Cortex-R4F core in the TI TMS570 CPU and can it be changed for the HY-TTC 500 controllers?,"The endianness of the ARM Cortex-R4F core in the TI TMS570 CPU is configured to BE32, which means it uses big-endian format. In big-endian systems, the most significant byte of a multi-byte data field is stored at the lowest memory address. Additionally, the endianness of the HY-TTC 500 controllers cannot be changed."
7,How does the Memory Protection Unit (MPU) support memory protection in the I/O Driver for safety-critical applications?,"The Memory Protection Unit (MPU) supports memory protection in the I/O Driver for safety-critical applications by defining access permissions to the CPU address space in twelve MPU regions. The I/O Driver includes an interface that allows limited control over four of the highest-priority MPU regions, while the other eight regions are used to configure default access privileges and are not visible to the user. This setup ensures that memory reserved for safety-critical software components (safe code) cannot be corrupted by faults in non-critical components (unsafe code).

The I/O Driver's memory protection is basic and provides only rudimentary safety mechanisms. It includes internal data necessary for its correct function, and the RAM memory where this data is located should be protected when unsafe code runs. However, since the I/O Driver uses several interrupts that require access to this data, it can deactivate the User MPU regions during the execution of its internal interrupt code. These regions are restored after the interrupt returns, ensuring no impact on the user application.

The I/O Driver offers three different configurations, known as MPU protection policies, to manage this behavior. This approach allows the I/O Driver to maintain necessary access permissions during interrupts without direct involvement from the user application, as long as the User MPU regions are correctly configured."
8,"What are the three different MPU protection policies offered by the I/O Driver, and how do they differ in terms of memory protection?","The I/O Driver offers three different MPU protection policies, which differ in terms of how they handle memory protection for the I/O Driver's internal tasks:

IO_MPU_POLICY_REGION0: This policy deactivates User MPU region 0 (IO_MPU_REGION_0) for the I/O Driver's internal tasks. It is the legacy setting that allows using IO_MPU_REGION_0 for memory protection, which may interfere with the I/O Driver. Other User MPU regions can be used for user-specific data but cannot include addresses accessed by the I/O Driver.

IO_MPU_POLICY_ALLREGIONS: This policy deactivates all User MPU regions for the I/O Driver's internal tasks. It allows all regions to be used freely, provided that certain requirements are met. This policy is generally required in safety-critical applications as it includes memory-mapped peripherals.

IO_MPU_POLICY_NONE: This policy is not explicitly mentioned in the provided context, but typically, a ""none"" policy would imply that no MPU regions are deactivated, meaning the I/O Driver would operate with all MPU protections fully in place. This would be the most restrictive in terms of memory access for the I/O Driver's internal tasks.

These policies provide different levels of memory protection, balancing between the need for the I/O Driver to access its internal data and the need to protect memory areas from unsafe code."
9,Describe the purpose and functionality of the IO_MPU module within the I/O Driver.,"The IO_MPU module within the I/O Driver serves the purpose of controlling access permissions to the CPU's memory and memory-mapped peripherals. It allows user applications to initialize and enable or disable four User MPU regions, which are used to restrict access to sensitive memory areas, thereby protecting against unsafe code.

The I/O Driver start-up code ensures that all available memory is fully accessible by default, but the User MPU regions can be configured to deny access to specific areas. The IO_MPU module provides a basic interface for memory protection, allowing limited control over these four highest-priority regions, while the other eight regions are used to configure default access privileges and are not visible to the user.

The module supports various access attributes, such as read, write, and execute permissions, and includes protection policies to manage these regions. The configuration of these regions is crucial as it can prevent unsafe code from accessing sensitive memory, ensuring the correct functionality of the I/O Driver. However, the support for memory protection in the I/O Driver is basic, and for more advanced safety mechanisms, TTControl GmbH offers a safety-certified operating system in their SafeRTOS Integration product."
10,"What happens when the CPU attempts to access memory without sufficient permissions, and how is the application notified of such violations?","When the CPU attempts to access memory without sufficient permissions, one of two CPU exceptions will occur: a Data Abort for data accesses or a Prefetch Abort for instruction fetches. In both cases, the application is notified through the Notification callback with the error code DIAG_E_DATA_ABORT or DIAG_E_PREFETCH_ABORT. Following this, the unit enters a Safe state, and the application execution does not continue because the I/O Driver cannot reliably determine how to recover from the faulty memory access."
11,"List the requirements that the user application must follow to ensure the I/O Driver has sufficient access permissions to its code, constants, and data memory sections.","To ensure the I/O Driver has sufficient access permissions to its code, constants, and data memory sections, the user application must follow these requirements:

Code Permissions:

The I/O Driver code must have read and execute permissions for the following internal flash memory sections:
CSM_CODE
IO_DRIVER_CODE
Exception vectors and the Bootloader memory area (address range 0x0 to 0x0001FFFF)
Constant Permissions:

The I/O Driver code must have read permissions for the following memory sections:
CSM_CONST
IO_DRIVER_CONST
Data Permissions:

The I/O Driver code must have read and write permissions for the following RAM memory sections:
CSM_VAR_ZERO_INIT_UNSPECIFIED
CSM_VAR_NO_INIT_UNSPECIFIED
IO_DRIVER_DATA_NORMAL
IO_DRIVER_DATA_COMMON (address range 0x0803FAE0 to 0x0803FEDF)
Shared Memory area (address range 0x0803FEE0 to 0x0803FFFF)
Additionally, any modification to the size and location of the memory section IO_DRIVER_DATA_COMMON or the Shared Memory area is not permitted as they are part of the interface to the Bootloader."
12,"Explain the significance of the ""Peripherals"" requirement in the context of MPU protection and the VIM peripheral.","The ""Peripherals"" requirement in the context of MPU (Memory Protection Unit) protection and the VIM (Vectored Interrupt Manager) peripheral is significant for several reasons:

Ensuring Access to Critical Interrupt Management: The VIM peripheral memory area (address range 0xFFFFFE00 to 0xFFFFFEFF) is crucial for managing interrupts. Interrupts are essential for handling real-time events and ensuring the system responds promptly to various conditions. By mandating at least read access permissions to this area, the system ensures that the application can always access interrupt information, which is vital for maintaining system stability and responsiveness.

MPU Configuration Compliance: The requirement ensures that the MPU is configured correctly to allow necessary access to the VIM peripheral. This is important because the MPU is used to protect critical memory areas from unauthorized access, which is a key aspect of system security and stability. Ensuring that the VIM area is accessible even when MPU protections are in place helps prevent scenarios where interrupt handling could be inadvertently blocked due to overly restrictive MPU settings.

Operational Consistency: The requirement applies to both the main application thread and interrupt contexts. This consistency is crucial because it ensures that the VIM peripheral is accessible regardless of the execution context, thereby preventing potential access issues that could arise if different access permissions were applied in different contexts.

Safety and Diagnostic Measures: The requirement aligns with the broader safety and diagnostic measures necessary for the safe operation of the HY-TTC 500 ECU. By ensuring access to the VIM, the system can perform necessary diagnostics and maintain safe operation under foreseeable conditions.

In summary, the ""Peripherals"" requirement ensures that the VIM peripheral is always accessible, which is critical for effective interrupt management and overall system stability, especially in the context of MPU protection."
13,How should the user application handle MPU access permissions in the main application thread and during interrupts to comply with the I/O Driver requirements?,"To comply with the I/O Driver requirements for MPU (Memory Protection Unit) access permissions in the main application thread and during interrupts, the user application should follow these guidelines:

Main Application Thread:

The application must enable and disable the User MPU regions using the IO_MPU API functions (e.g., IO_MPU_EnableAll() and IO_MPU_DisableAll()) as needed.
Ensure that the MPU configuration grants at least read access permissions to the VIM (Vectored Interrupt Manager) peripheral memory area (address range 0xFFFFFE00 to 0xFFFFFEFF).
If a User MPU region is configured to deny access to any of the I/O Driver memory sections, this region must be disabled using the API before any I/O Driver function can be called.
During Interrupts:

The behavior depends on the selected MPU protection policy. The I/O Driver automatically disables selected User MPU regions to ensure the necessary access permissions during interrupts.
This automatic adjustment happens without direct involvement from the user application. However, the user is responsible for correctly configuring the User MPU regions initially.
By following these steps, the user application ensures that the I/O Driver has the necessary access permissions to function correctly both in the main application thread and during interrupts."
14,What are the implications of modifying the size and location of the memory section IO_DRIVER_DATA_COMMON or the Shared Memory area for the Bootloader interface?,"Modifying the size and location of the memory section IO_DRIVER_DATA_COMMON or the Shared Memory area has significant implications for the Bootloader interface. According to the provided context, any modification to these memory sections is not permitted because they are integral parts of the interface to the Bootloader. This restriction ensures that the Bootloader can reliably access and interact with these memory areas as expected. Altering their size or location could disrupt the Bootloader's functionality, leading to potential system failures or malfunctions. Therefore, maintaining the predefined size and location of these memory sections is crucial for the correct operation of the Bootloader and the overall system stability."
15,What steps should be taken to ensure that the VIM (Vectored Interrupt Manager) peripheral memory area remains accessible even to unsafe code?,"To ensure that the VIM (Vectored Interrupt Manager) peripheral memory area remains accessible even to unsafe code, the following steps should be taken:

Grant Read Access Permissions: The user application must always grant at least read access permissions to the VIM peripheral memory area, which is located at the address range 0xFFFFFE00 to 0xFFFFFEFF.

MPU Configuration: Configure the Memory Protection Unit (MPU) to ensure that the VIM registers are accessible even from unsafe code. This is crucial because the VIM is responsible for dispatching CPU interrupts, and without access, the I/O Driver interrupts will not execute.

IO_MPU API Functions: In the main application thread, use the IO_MPU API functions (such as IO_MPU_EnableAll() and IO_MPU_DisableAll()) to manage the User MPU regions and ensure compliance with the access requirements.

By following these steps, the VIM peripheral memory area will remain accessible, ensuring the proper execution of I/O Driver interrupts even when unsafe code is running."
16,What does the **APDB structure** represent in the context of data structure documentation?,"The APDB structure in the context of data structure documentation represents a detailed data structure used for various application-specific parameters and metadata. It includes fields for versioning, dates, CRC (Cyclic Redundancy Check) values, CAN (Controller Area Network) IDs, and other configuration parameters. Specifically, the structure contains fields such as:

APDBVersion: The version of the APDB.
BuildDate and FlashDate: Dates related to the build and flash processes.
ApplicationCRC and LegacyApplicationCRC: CRC values for the application and legacy application.
CANDownloadID and CANUploadID: CAN IDs for download and upload operations.
CodeSize: The size of the code.
CRCStartAddress: The start address for CRC calculations.
ApplicationID and ApplicationVersion: Identifiers and versioning for the application.
Flags, HeaderCRC, MagicSeed, and other fields for various configuration and validation purposes.
The structure is used to store and manage critical information required for the operation and validation of applications, particularly in embedded systems or environments where precise control and verification of software versions and configurations are necessary."
17,What is depicted in the collaboration diagram for the **bl_apdb_** structure?,"The collaboration diagram for the bl_apdb_ structure depicts the relationships and interactions between various data fields within the structure. Specifically, it includes the following elements:

bl_t_can_id_
bl_t_date_
CANDownloadID
CANUploadID
BuildDate
FlashDate
These elements represent different data fields and identifiers that are part of the bl_apdb_ structure, which is used in the APDB (Application Programming DataBase) context. The diagram visually illustrates how these components are interconnected within the structure."
18,"What is the **ABRDTimeout** field used for, and which family is it specific to?",The ABRDTimeout field is used to specify the timeout for automatic CAN baud rate detection in seconds. This field is specific to the HY-TTC 30X family.
19,How is the **APDBVersion** field structured in terms of bit allocation?,"The APDBVersion field is structured in terms of bit allocation as follows:

Bits 0-7: Minor number
Bits 8-15: Major number
This means that the lower 8 bits (0-7) represent the minor version number, and the next 8 bits (8-15) represent the major version number."
20,What is the purpose of the **ApplicationCRC** field?,"The ApplicationCRC field represents the CRC-32 value calculated over the application. If a CRC table is used, it represents the CRC-32 value calculated over the CRC table. This value is automatically provided by the TTC-Downloader. The purpose of this field is to ensure data integrity by verifying that the application data has not been altered or corrupted."
21,What information must the **ApplicationID** field contain?,"The ApplicationID field must contain the application identifier, which must be provided by the application."
22,How is the **ApplicationVersion** field structured in terms of bit allocation?,"The ApplicationVersion field is structured in terms of bit allocation as follows:

Bits 0-15: Revision number
Bits 16-23: Minor number
Bits 24-31: Major number
This bit allocation allows the application version to be encoded within a 32-bit field, with specific segments dedicated to the major, minor, and revision numbers."
23,What does the **BuildDate** field represent in the APDB structure?,"The BuildDate field in the APDB structure represents the application's build date, which must be provided by the application. This is defined at line 203 of the file APDB.h."
24,What is specified by the **CANBaudrate** field?,"The CANBaudrate field specifies the transmission speed of the CAN (Controller Area Network) bus, which is indicated in bits per second (bit/s) and also referred to as Baud rate. The Baud rate of a device can be changed using its Object Dictionary (OD) parameter, and the new Baud rate must be activated using specific commands such as ""activate bit timing"" to ensure all network participants switch to the new rate simultaneously to avoid communication errors."
25,Which field in the APDB structure indicates the channel used for CAN communication?,The field in the APDB structure that indicates the channel used for CAN communication is bl_apdb_::CANChannel. This is defined at line 267 of the file APDB.h.
26,What are the **CANDownloadID** and **CANUploadID** fields used for?,"The CANDownloadID and CANUploadID fields are used to specify the CAN IDs for downloading and uploading data, respectively. In the provided context, the CANDownloadID is set to a standard format ID of 0x1, and the CANUploadID is set to a standard format ID of 0x2. These IDs are used to manage the communication of data over the CAN bus, with specific IDs assigned for different types of data transfer operations."
27,How is the **CodeSize** field utilized in the APDB structure?,"The CodeSize field in the APDB structure is utilized to specify the code size in bytes, which is used for CRC (Cyclic Redundancy Check) calculation. If a CRC table is used instead, the CodeSize field represents the number of CRC table entries. This value is automatically provided by the TTC-Downloader."
28,What role does the **CRCSeed** field play in the APDB structure?,"The provided context does not include specific information about the CRCSeed field in the APDB structure. Therefore, I don't know the role of the CRCSeed field in the APDB structure."
29,What is the **CRCStartAddress** field used for in the APDB structure?,"The CRCStartAddress field in the APDB structure is not explicitly mentioned in the provided context. Therefore, I don't know the specific use of the CRCStartAddress field in the APDB structure."
30,Which family of devices uses the **DebugKey** field in the APDB structure?,The DebugKey field in the APDB structure is used by the HY-TTC 500 family of devices.
31,What is the purpose of the **Io_Can_Data_Frame_** struct in the context of CAN communication?,"The purpose of the io_can_data_frame_ struct in the context of CAN communication is to store a data frame for CAN communication. This struct includes fields for the data buffer, the ID for CAN communication, the ID format, and the length of the data. Specifically, it contains:

ubyte1 data[8]: An array to hold up to 8 bytes of data.
ubyte4 id: The identifier for the CAN message.
ubyte1 id_format: Specifies whether the ID is a standard (11-bit) or extended (29-bit) format.
ubyte1 length: The length of the data in the frame.
This struct is essential for organizing and managing the data that is transmitted or received over a CAN network."
32,What are the data fields included in the **Io_Can_Data_Frame_** struct?,"The Io_Can_Data_Frame_ struct includes the following data fields:

ubyte1 data[8]: This is a data buffer.
ubyte4 id: This field holds the ID for CAN communication.
ubyte1 id_format: This field specifies the format of the ID.
ubyte1 length: This field indicates the length of the data."
33,What is the role of the **data[8]** field in the CAN data frame?,"The data[8] field in the CAN data frame refers to the maximum length of user data that can be included in a CAN message. The Digital Length Code (DLC) in the header of the CAN message specifies the number of data bytes, which can range from 0 to 8. Therefore, the data[8] field represents the maximum allowable user data bytes, which is 8 bytes or 64 bits. This field is used to transmit the actual data within the CAN message."
34,What does the **id** field represent in the **Io_Can_Data_Frame_** struct?,"The id field in the io_can_data_frame_ struct represents the ID for CAN communication. It is used to specify the address of a CAN message. There are two types of identifiers for CAN messages: 11-bit identifiers known as CAN 2.0A and 29-bit identifiers known as CAN 2.0B. The CAN ID is crucial for determining the priority, source, and destination of the message within the CAN network."
35,How is the **id_format** field used in the CAN data frame?,"The id_format field in a CAN data frame is used to specify the type of identifier being used for the CAN message. There are two primary formats:

Base Format (Standard Frame): This uses an 11-bit identifier as defined in the ISO 11898-1 specification. When this format is used, the variable boExtId is set to FALSE.

Extended Format: This uses a 29-bit identifier, also defined in the ISO 11898-1 specification. When this format is used, the variable boExtId is set to TRUE. The J1939PG format, which is similar to the Extended Format, also sets boExtId to TRUE.

The id_format field thus determines whether the CAN ID is 11 bits or 29 bits long, which in turn affects how the CAN ID is structured and interpreted."
36,What information does the **length** field provide in the CAN data frame?,"The length field in a CAN data frame is referred to as the Data Length Code (DLC). The DLC contains an integer value in the range of 0-8, which specifies the number of data bytes within the message. This means that the DLC indicates how many bytes of user data are included in the DATA section of the CAN message, with a maximum of 8 bytes or 64 bits."
37,What is the purpose of the **Io_Dio_Limits_** struct?,"The purpose of the io_dio_limits_ struct is to define voltage limits for digital inputs. It contains the thresholds for valid low- and high-levels for these inputs. Specifically, it defines the range for the low-level using low_thresh1 (lower limit) and low_thresh2 (upper limit), and the range for the high-level using high_thresh1 (lower limit) and high_thresh2 (upper limit). The struct ensures that low_thresh1 is always smaller than low_thresh2, high_thresh1 is always smaller than high_thresh2, and low_thresh2 is always smaller than high_thresh1. If no specific limits are provided by the application, default limits are applied."
38,How are the voltage limits for digital inputs defined in the **Io_Dio_Limits_** struct?,"The voltage limits for digital inputs in the Io_Dio_Limits_ struct are defined by four thresholds: low_thresh1, low_thresh2, high_thresh1, and high_thresh2. These thresholds determine the valid ranges for low and high digital input levels. Specifically:

low_thresh1 is the lower limit for a low-level voltage.
low_thresh2 is the upper limit for a low-level voltage.
high_thresh1 is the lower limit for a high-level voltage.
high_thresh2 is the upper limit for a high-level voltage.
The constraints on these values are as follows:

low_thresh1 must be smaller than low_thresh2.
high_thresh1 must be smaller than high_thresh2.
low_thresh2 must be smaller than high_thresh1.
For example, if the struct is defined as IO_DIO_LIMITS limits1 = { 0, 2000, 3000, 5000 };, it means that the valid low-level voltage range is 0-2000mV and the valid high-level voltage range is 3000-5000mV.

If no specific limits are provided by the application, the default limits applied are { 0, 2500, 2500, 32000 }."
39,What does the **high_thresh1** field represent in the **Io_Dio_Limits_** struct?,The high_thresh1 field in the Io_Dio_Limits_ struct represents the lower voltage limit of a valid high signal. This value is defined in millivolts (mV) and can range from 1mV to 32000mV.
40,How is the **high_thresh2** field used in the **Io_Dio_Limits_** struct?,The high_thresh2 field in the Io_Dio_Limits_ struct defines the upper voltage limit of a valid high signal for digital inputs. This means that any voltage level below or equal to high_thresh2 and above high_thresh1 is considered a valid high-level signal. The valid range for high_thresh2 is between 1mV and 32000mV.
41,What information does the **low_thresh1** field provide in the **Io_Dio_Limits_** struct?,The low_thresh1 field in the io_dio_limits_ struct defines the lower voltage limit of a valid low signal. The valid range for this field is from 0mV to 32000mV.
42,How is the **low_thresh2** field defined in the **Io_Dio_Limits_** struct?,"The low_thresh2 field in the Io_Dio_Limits_ struct is defined as the upper voltage limit of a valid low signal, with a range of 0mV to 32000mV. This is specified in the definition at line 152 of the file IO_DIO.h."
43,What is the purpose of the **Io_Do_Safety_Conf_** struct?,"The purpose of the Io_Do_Safety_Conf_ struct is to store all relevant safety configuration parameters for the digital outputs. This structure ensures that the internal checker modules can verify that these outputs are functioning correctly. It is part of the safety configuration for digital outputs, which includes diagnostics to detect issues such as open load and short to VBAT, requiring a delay time of at least 20 ms between transitions of the output state to avoid diagnostic errors."
44,How does the **low_side_channel** field function in the **Io_Do_Safety_Conf_** struct?,"The low_side_channel field in the Io_Do_Safety_Conf_ struct specifies a low side channel that must be connected together with a specified high side output channel. The low side outputs are grouped as follows: IO_DO_08 to IO_DO_15. This configuration is part of the safety parameters for digital outputs, ensuring that the internal checker modules can verify the correct functioning of these outputs."
45,Describe the collaboration diagram for **io_driver_safety_conf_** shown in [32_image_0.png].,"The collaboration diagram for io_driver_safety_conf_ illustrates the relationships and interactions between various components within the Driver Safety Configuration structure. The key elements and their interactions are as follows:

io_driver_safety_conf_: This is the main structure used to pass the configuration for safety-critical applications to the IO Driver.

Data Fields:

command_period: A field of type ubyte4 that likely specifies the period for command execution.
error_callback: A field of type DIAG_ERROR_CB which is a callback function for handling errors.
glitch_filter_time: A field of type ubyte1 that specifies the time for glitch filtering.
notify_callback: A field of type DIAG_NOTIFY_CB which is a callback function for notifications.
reset_behavior: A field of type ubyte1 that defines the behavior of the system upon reset.
window_size: A field of type ubyte1 that specifies the size of the safety window.
Interactions:

diag_errorcode_: This component is likely involved in error diagnostics and interacts with the error_callback.
notify_callback and error_callback: These callbacks are used for handling notifications and errors, respectively, and are integral to the safety configuration.
The diagram essentially shows how the io_driver_safety_conf_ structure integrates various configuration parameters and callback functions to ensure the safety and reliability of the IO Driver in critical applications."
46,What is the purpose of the **Diag_Error_Cb** typedef and where is it used?,"The DIAG_ERROR_CB typedef is defined as a callback function for handling non-fatal errors. Its purpose is to allow the diagnostic state machine to ask the application which action to take when a non-fatal error occurs. This callback function is passed to the IO_Driver_Init() function within a field of the safety configuration structure (IO_DRIVER_SAFETY_CONF). The function signature for DIAG_ERROR_CB is:

typedef ubyte2(* DIAG_ERROR_CB) (ubyte1 diag_state, ubyte1 watchdog_state, DIAG_ERRORCODE *const error);

This callback function is used to handle non-fatal errors by providing the application with the diagnostic state, watchdog state, and a structure containing error details (DIAG_ERRORCODE). The application can then decide on the appropriate action to take based on the error information provided."
47,Describe the parameters and return values of the **Diag_Error_Cb** callback function.,"The Diag_Error_Cb callback function is defined as follows:

typedef ubyte2(* DIAG_ERROR_CB) (ubyte1 diag_state, ubyte1 watchdog_state, DIAG_ERRORCODE * const error);

Parameters:
diag_state (ubyte1): This parameter represents the state of the diagnostic state machine.
watchdog_state (ubyte1): This parameter represents the state of the watchdog.
error (DIAG_ERRORCODE * const): This is a pointer to a DIAG_ERRORCODE structure that contains all relevant error parameters returned from the diagnostic state machine or the watchdog.
Return Values:
The function returns a value of type ubyte2. The allowed return values are:

DIAG_ERR_NOACTION (0x0001U): No action is taken.
DIAG_ERR_SAFESTATE (0x0002U): The system should enter a safe state.
DIAG_ERR_DISABLE_SSW0 (0x0004U): Disable specific software switch 0.
DIAG_ERR_DISABLE_SSW1 (0x0008U): Disable specific software switch 1.
DIAG_ERR_DISABLE_SSW2 (0x0010U): Disable specific software switch 2.
DIAG_ERR_DISABLE_HS00 (0x0020U): Disable specific hardware switch 00.
DIAG_ERR_DISABLE_HS01 (0x0040U): Disable specific hardware switch 01.
DIAG_ERR_DISABLE_HS02 (0x0080U): Disable specific hardware switch 02.
DIAG_ERR_DISABLE_HS03 (0x0100U): Disable specific hardware switch 03.
DIAG_ERR_DISABLE_HS04 (0x0200U): Disable specific hardware switch 04.
DIAG_ERR_DISABLE_HS05 (0x0400U): Disable specific hardware switch 05.
DIAG_ERR_DISABLE_HS06 (0x0800U): Disable specific hardware switch 06.
DIAG_ERR_DISABLE_HS07 (0x1000U): Disable specific hardware switch 07.
These return values can be combined using an OR-bitmask, except for DIAG_ERR_NOACTION and DIAG_ERR_SAFESTATE, which are mutually exclusive."
48,What actions can be returned by the **Diag_Error_Cb** function in response to a non-fatal error?,"The Diag_Error_Cb function can return the following actions in response to a non-fatal error:

DIAG_ERR_NOACTION (0x0001U): No action is taken.
DIAG_ERR_SAFESTATE (0x0002U): The system is put into a safe state.
DIAG_ERR_DISABLE_SSW0 (0x0004U): Disable SSW0.
DIAG_ERR_DISABLE_SSW1 (0x0008U): Disable SSW1.
DIAG_ERR_DISABLE_SSW2 (0x0010U): Disable SSW2.
DIAG_ERR_DISABLE_HS00 (0x0020U): Disable HS00.
DIAG_ERR_DISABLE_HS01 (0x0040U): Disable HS01.
DIAG_ERR_DISABLE_HS02 (0x0080U): Disable HS02.
DIAG_ERR_DISABLE_HS03 (0x0100U): Disable HS03.
DIAG_ERR_DISABLE_HS04 (0x0200U): Disable HS04.
DIAG_ERR_DISABLE_HS05 (0x0400U): Disable HS05.
DIAG_ERR_DISABLE_HS06 (0x0800U): Disable HS06.
DIAG_ERR_DISABLE_HS07 (0x1000U): Disable HS07.
Except for DIAG_ERR_NOACTION and DIAG_ERR_SAFESTATE, all other values may be combined using an OR-bitmask."
49,What is the **Diag_Errorcode** structure used for in the context of diagnostic error reporting?,"The Diag_Errorcode structure is used in the context of diagnostic error reporting to encapsulate information about errors detected by the system. This structure includes the following fields:

u8ErrorCode: This field holds the error code value, which is a specific identifier for the type of error that occurred.
u8DeviceNum: This field indicates the device number that caused the error, helping to pinpoint the source of the issue.
u16FaultyValue: This field contains the value that caused the error, providing additional context for diagnosing the problem.
These error codes are utilized by functions such as DIAG_Status() and by notify and error callbacks, which use the error_code parameter of the DIAG_ERRORCODE structure to report and handle errors."
50,"What is the role of the **Diag_Notify_Cb** typedef, and how does it differ from **Diag_Error_Cb**?","he DIAG_NOTIFY_CB typedef is a callback notification function for fatal errors. When a fatal error occurs, the diagnostic state machine uses this callback function to notify the application about the error. The implementation of this callback is provided to the IO_Driver_Init() function in the notify_callback field of the safety configuration structure IO_DRIVER_SAFETY_CONF.

In contrast, the DIAG_ERROR_CB typedef is a callback function for non-fatal errors. When a non-fatal error occurs, the diagnostic state machine calls this callback function to ask the application which action to take. This callback function is also passed to the IO_Driver_Init() function but in a different field of the safety configuration structure.

In summary, DIAG_NOTIFY_CB is used for fatal error notifications, while DIAG_ERROR_CB is used for handling non-fatal errors by determining the appropriate action to take."
51,Explain the parameters passed to the **Diag_Notify_Cb** callback function.,"The Diag_Notify_Cb callback function is used to notify the application about the occurrence of fatal errors. The parameters passed to this callback function are:

ubyte1 diag_state: This parameter represents the diagnostic state at the time the fatal error occurred.

ubyte1 watchdog_state: This parameter indicates the state of the watchdog when the fatal error was detected.

*DIAG_ERRORCODE const error: This is a pointer to a structure that contains all relevant error parameters returned from the diagnostic state machine or watchdog. The structure DIAG_ERRORCODE stores detailed information about the error.

These parameters provide the necessary context for the application to understand the nature of the fatal error and take appropriate action."
52,"What is the purpose of the **DIAG_EnterSafestate** function, and when would you use it?","The DIAG_EnterSafestate function is designed to allow an application to immediately activate a safe state. This safe state is a predefined condition where all outputs are switched off to ensure safety. The function is particularly useful in scenarios where the system needs to be quickly transitioned to a safe condition due to detected errors or other critical conditions.

When the safe state is activated, and if resets are configured in the I/O Driver safety configuration (specifically in the reset_behavior field of IO_DRIVER_SAFETY_CONF), the Electronic Control Unit (ECU) will reset after 22 milliseconds.

You would use the DIAG_EnterSafestate function in situations where maintaining safety is paramount, such as when a critical error is detected that could potentially harm the system or its environment if not addressed immediately. This function ensures that the system can be brought to a safe state quickly and reliably."
53,How does the **DIAG_GetCfgFlashErrors** function provide information about ECC errors in configuration flash?,"The DIAG_GetCfgFlashErrors function provides information about ECC (Error-Correcting Code) errors in the configuration flash by reading the number of correctable ECC errors that have occurred since the system start-up. It takes two parameters: err_cnt and overflow.

err_cnt: This is an output parameter that returns the count of correctable ECC errors. If the internal 16-bit register in the CPU overflows, err_cnt is set to 65,535.
overflow: This is an optional output parameter that indicates whether an overflow has occurred. If set to TRUE, it means the actual number of errors exceeds 65,535. If set to FALSE, no overflow has occurred.
The function returns an IO_ErrorType value, which can be IO_E_OK if the operation is executed successfully or IO_E_NULL_POINTER if the err_cnt parameter is a NULL pointer."
54,"What does the **DIAG_GetFlashErrors** function return, and what do its parameters represent?","The DIAG_GetFlashErrors function returns the number of correctable ECC (Error-Correcting Code) errors in the internal flash since start-up.

Parameters:
err_cnt (ubyte2 *): This is an output parameter that will hold the number of correctable ECC errors.
overflow (bool *): This is an output parameter that indicates whether there has been an overflow in the 16-bit internal register in the CPU. If an overflow has occurred, this parameter is set to TRUE, and err_cnt is set to 65,535. If no overflow has occurred, it is set to FALSE.
Return Values:
IO_E_OK: The operation executed successfully.
IO_E_NULL_POINTER: The err_cnt parameter is a NULL pointer.
In summary, the function reads and returns the number of correctable ECC errors in the internal flash and indicates if there has been an overflow in the error counter."
55,Describe the process and significance of reading correctable ECC errors from internal RAM using **DIAG_GetRamB0Errors** and **DIAG_GetRamB1Errors** functions.,"The functions DIAG_GetRamB0Errors and DIAG_GetRamB1Errors are used to read the number of correctable ECC (Error-Correcting Code) errors from the internal RAM banks 0 and 1, respectively. These functions are crucial for monitoring the integrity and reliability of the RAM by detecting and counting correctable errors that occur during operation.

Process:
Function Call:

DIAG_GetRamB0Errors: This function reads the correctable ECC error count from bank 0 of the internal RAM.
DIAG_GetRamB1Errors: This function reads the correctable ECC error count from bank 1 of the internal RAM.
Parameters:

err_cnt (output): This parameter will hold the number of correctable ECC errors detected.
overﬂow (output, optional): This parameter indicates whether there has been an overflow in the 16-bit internal register that counts the errors. If set to TRUE, it means the actual number of errors exceeds 65,535.
Return Values:

IO_E_OK: The operation was executed successfully.
IO_E_NULL_POINTER: The err_cnt parameter is a NULL pointer.
Significance:
Error Monitoring: By using these functions, system diagnostics can keep track of the number of correctable ECC errors, which helps in assessing the health and reliability of the RAM.
Overflow Detection: The overflow parameter is significant because it indicates if the error count has exceeded the maximum value that can be stored in the 16-bit register. This is crucial for understanding the extent of errors and taking appropriate corrective actions.
System Reliability: Regularly reading and monitoring ECC errors helps in early detection of potential issues, thereby enhancing the overall reliability and stability of the system.
In summary, DIAG_GetRamB0Errors and DIAG_GetRamB1Errors are essential diagnostic tools for monitoring correctable ECC errors in the internal RAM, providing valuable information for maintaining system integrity and performance."
56,What are the key features of the HY-TTC 500 family of programmable electronic control units?,"The HY-TTC 500 family of programmable electronic control units (ECUs) is designed for sensor and actuator management in vehicles and machines operating in harsh environments and extreme temperatures. Here are the key features:

Robust Design: The units have a die-cast aluminum housing that provides protection against electromagnetic disturbances and mechanical stress.

Processing Power: They are equipped with a 180 MHz TI TMS570-integrated microprocessor, which includes 3 MB of internal Flash and 256 kB of internal RAM.

Memory Options: The family offers various memory configurations, including external Flash, SRAM, EEPROM, and FRAM, depending on the variant.

Inputs and Outputs:

All I/Os are protected against electrical surges and short circuits.
Internal safety measures detect open load, overload, and short circuit conditions.
Proportional hydraulic components can be directly connected to current-controlled PWM outputs.
The units support a variety of analog and digital sensor types with software-configurable input options for different voltage ranges and types of measurements (voltage, current, resistive).
Communication Interfaces:

Multiple CAN interfaces, with some variants supporting ISOBUS compliance.
Ethernet (100BASE-T1), LIN, and RS232 interfaces are available in certain variants.
Real-time clock functionality is included in some models.
Variants: The HY-TTC 500 family includes several variants (e.g., HY-TTC 580, HY-TTC 540, HY-TTC 520, HY-TTC 510, HY-TTC 590E, HY-TTC 590, HY-TTC 508), each with different assembly options and features to meet specific system integrator needs.

These features make the HY-TTC 500 family versatile and suitable for a wide range of applications in demanding environments."
57,"How are the inputs and outputs of each HY-TTC 500 variant protected, and what types of sensors and actuators can be connected?","The inputs and outputs of each HY-TTC 500 variant are protected against electrical surges and short circuits. Additionally, internal safety measures allow the detection of open load, overload, and short circuit conditions at the outputs.

The HY-TTC 500 family supports a variety of analog and digital sensor types, with many software-configurable input options to adapt to different sensor types. The analog inputs can be configured for different voltage ranges (0-5V to 0-32V) to achieve the best analog accuracy and resolution. They can also be set as current inputs or for resistive measurements. Proportional hydraulic components can be directly connected to the current-controlled PWM outputs.

In summary, the HY-TTC 500 variants are designed to connect to a wide range of sensors and actuators, including analog sensors, digital sensors, and proportional hydraulic components, with robust protection and configurability to ensure reliable operation in diverse and harsh environments."
58,What communication interfaces are available on the fully equipped HY-TTC 580 variant?,"The fully equipped HY-TTC 580 variant offers the following communication interfaces:

7 x CAN (according to CAN 2.0B)
1 x RS-232
1 x LIN interface
10/100 Mbit/s Ethernet interface for high-speed communication, application download, and debugging purposes."
59,"Which international safety and certification standards does the HY-TTC 500 family comply with, and where can you find more information about ISO 26262 compliance?","The HY-TTC 500 family complies with the following international safety and certification standards:

ISO 13849: Category 2, Performance Level d.
IEC 61508: Safety Integrity Level 2.
ISO 25119: AgPL d/SRL 2.
For more information about ISO 26262 compliance, it is noted that the HY-TTC 500 platform may fulfill the requirements of the ISO 26262 series of standards. However, the Safety Manual alone does not cover all necessary requirements for using the platform in an ISO 26262 related environment. If the platform is to be used in such an environment, the customer needs to fulfill the requirements in the Safety Manual and the ISO 26262 Safety Manual [TTC500-SM-26262] addon."
60,"What programming options are available for the HY-TTC 500, and what is CODESYS used for?","The HY-TTC 500 can be programmed using either C or CODESYS. CODESYS is a widely used IEC 61131-3 programming system that operates under Microsoft Windows. It supports various editors, including the Instruction List Editor, Sequential Function Chart Editor, and Function Block Diagram Editor. CODESYS generates native machine code for the main processor of the HY-TTC 500."
61,What are the main features of the HY-TTC 500 family that make it suitable for use in rough environments and extreme temperatures?,"The HY-TTC 500 family is designed to be suitable for use in rough environments and extreme temperatures due to several key features:

Wide Operating Temperature Range: The HY-TTC 500 can operate in ambient temperatures ranging from -40 °C to +85 °C, making it suitable for extreme temperature conditions.

Robust Housing: It features an IP67- and IP6k9k-rated die-cast aluminum housing, which provides excellent protection against dust, water, and other environmental factors. This rating ensures that the device is highly resistant to water ingress even under high-pressure and high-temperature conditions.

Pressure Equalization: The housing includes a pressure equalization feature with a water barrier, which helps maintain the integrity of the device in varying pressure conditions.

High Altitude Operation: The device can operate at altitudes up to 4000 meters, making it versatile for use in various geographical locations.

Compliance with International Standards: The HY-TTC 500 complies with several international standards and guidelines, including ISO 16750, which covers environmental conditions and testing for electrical and electronic equipment in road vehicles. This compliance ensures that the device meets rigorous environmental criteria for durability and reliability.

These features collectively make the HY-TTC 500 family highly suitable for deployment in harsh and demanding environments."
62,"How are the inputs and outputs of the HY-TTC 500 protected, and what kinds of issues can the internal safety measures detect?","The inputs and outputs of the HY-TTC 500 are protected against electrical surges and short circuits. Additionally, the internal safety measures of the HY-TTC 500 can detect open load, overload, and short circuit conditions at the outputs. These safety measures ensure that the system can identify and respond to various electrical issues, enhancing the overall reliability and safety of the device."
63,Describe the power supply requirements and capabilities for the HY-TTC 580 variant.,"The HY-TTC 580 variant has specific power supply requirements and capabilities. It includes a sensor supply that can provide 5–10 V. The analog inputs can handle a range of voltages and currents, including 0–5 V, 0–10 V, and 0–32 V, with a current capacity of up to 25 mA. Additionally, the high-side PWM outputs can handle up to 4 A with current measurement capabilities. The high-side digital outputs also support up to 4 A with current sense, and there are options for LED outputs or analog inputs. The low-side digital outputs can similarly handle up to 4 A with current sense or function as analog inputs. The digital timer inputs can operate within a frequency range of 0.1 Hz to 20 kHz."
64,What communication interfaces are available on the fully equipped HY-TTC 580 variant?,"The fully equipped HY-TTC 580 variant offers the following communication interfaces:

7 x CAN (according to CAN 2.0B)
1 x RS-232
1 x LIN interface
10/100 Mbit/s Ethernet interface for high-speed communication, application download, and debugging purposes."
65,"Which international standards does the HY-TTC 500 family comply with, and where can more information about ISO 26262 compliance be obtained?","The HY-TTC 500 family complies with the following international standards:

ISO 13849 Category 2, Performance Level d
IEC 61508 Safety Integrity Level 2
ISO 25119 AgPL d/SRL 2
For more information about ISO 26262 compliance, it is noted that the HY-TTC 500 platform may fulfill the requirements of the ISO 26262 series of standards. However, the Safety Manual alone does not cover all necessary requirements for use in an ISO 26262 related environment. Customers need to fulfill the requirements in the Safety Manual and the ISO 26262 Safety Manual [TTC500-SM-26262] addon."
66,"What programming options are available for the HY-TTC 500, and what are some features of CODESYS?","The HY-TTC 500 can be programmed using either C or CODESYS. CODESYS is a widely used IEC 61131-3 programming system that operates under Microsoft Windows. It supports several editors, including the Instruction List Editor, Sequential Function Chart Editor, and Function Block Diagram Editor. Additionally, CODESYS generates native machine code for the main processor of the HY-TTC 500.

Some features of CODESYS include:

Support for multiple editors, such as the Instruction List Editor, Sequential Function Chart Editor, and Function Block Diagram Editor.
The ability to produce native machine code for the main processor of the HY-TTC 500.
It is a common IEC 61131-3 programming system, which is a standard for programmable logic controllers (PLCs)."
67,"What are the different variants of the HY-TTC 500 family, and which variant is the most powerful in terms of I/Os?","The HY-TTC 500 family includes several variants, each with different features and capabilities. The variants are:

HY-TTC 580
HY-TTC 540
HY-TTC 520 (Customer-specific variant only)
HY-TTC 510
HY-TTC 590E
HY-TTC 590
HY-TTC 508
In terms of inputs and outputs (I/Os), the most powerful variant is the HY-TTC 580. It offers the highest number of high-side PWM outputs with current measurement (36), high-side digital outputs (16), and low-side digital outputs (8)."
68,"What are the memory specifications for the HY-TTC 580 variant, including the types of memory and their capacities?","The memory specifications for the HY-TTC 580 variant are as follows:

Internal Flash: 3 MB
Internal RAM: 256 kB
External Flash: 8 MB
External RAM: 2 MB
Configuration Flash: 64 kB
These specifications include both internal and external memory types and their respective capacities."
69,"Based on [18_image_0.png], describe the technical drawing or flowchart and its relevance to the HY-TTC 580 variant.","Based on the provided context, the technical drawing or flowchart related to the HY-TTC 580 variant appears to detail the various input and output configurations available for this specific variant of the HY-TTC 500 family. The drawing includes:

Analog Inputs:

Multiple analog input options with different voltage and current ranges (e.g., 0–5 V, 0–10 V, 0–32 V, 0–25 mA).
Resistance measurement capabilities (e.g., 0–100 kOhm).
Digital Inputs and Outputs:

Digital timer inputs with frequency ranges (e.g., 0.1 Hz – 20 kHz).
High-side (HS) and low-side (LS) digital outputs with current sensing capabilities (up to 4 A).
PWM Outputs:

High-side PWM outputs with current measurement capabilities (up to 4 A).
Sensor Supply:

Sensor supply voltage options (e.g., 5–10 V).
Pin Configuration:

Specific pin numbers (e.g., P101 to P107) and their main functions, such as HS PWM Output and Analog Voltage Input.
The relevance of this drawing to the HY-TTC 580 variant is that it provides a detailed overview of the electrical capabilities and configurations available for this variant, which is crucial for understanding how to interface with and utilize the HY-TTC 580 in various applications. This information is essential for engineers and technicians who need to design, implement, and troubleshoot systems using the HY-TTC 580."
70,"Referring to [22_image_1.png], explain the significance of the diagram and the connections between the labeled sections such as ""Digital Input"" and ""Analog Output.""","The diagram in [22_image_1.png] appears to be a detailed representation of an input/output (I/O) system, which includes various types of inputs and outputs such as digital inputs (DI), analog inputs (AI), and analog outputs (AO). The significance of the diagram lies in its illustration of how different types of signals are processed and managed within a system.

Digital Input (DI): These are inputs that can detect the presence or absence of a voltage signal, typically used for reading the state of switches, buttons, or other binary sensors. For example, IO_DI_28 and IO_DI_32 are labeled as digital inputs.

Analog Input (AI): These inputs measure continuous signals, such as voltage or current, and convert them into digital values that can be processed by the system. Examples include IO_ADC_10, IO_ADC_12, IO_ADC_14, IO_ADC_16, and IO_ADC_18, which are labeled as analog voltage inputs.

Analog Output (AO): These outputs convert digital signals back into continuous analog signals, which can be used to control devices like actuators or analog meters. The context mentions ""Analog Output"" but does not provide specific labels for these in the provided text.

Connections and Functionality: The diagram likely shows how these inputs and outputs are interconnected. For instance, digital inputs might be used to trigger certain actions or control digital outputs (e.g., turning on an LED). Analog inputs could be used to monitor environmental conditions or other variables, and the system might respond by adjusting analog outputs accordingly.

Example Setup: The context provides an example of setting up blocks in a software design tool, where a switch (digital input) is connected to an LED (digital output). This illustrates a basic use case of how digital inputs and outputs can be configured and used in a control system.

In summary, the diagram is significant as it provides a comprehensive overview of the I/O capabilities of the system, showing how various types of inputs and outputs are integrated and managed to perform complex control and monitoring tasks."
71,"What details are provided in the diagram shown in [30_image_1.png], and how does it guide users in using an ARM Cortex processor within the HY-TTC 500 system?","The diagram shown in [30_image_1.png] provides detailed information about the input and output capabilities of the HY-TTC 500 system variants, specifically focusing on the analog and digital inputs and outputs, as well as the sensor supply and PWM outputs. Here are the key details:

Analog Inputs (IN):

Various voltage ranges (0–5 V, 0–10 V, 0–32 V)
Current ranges (0–25 mA)
Resistance (0–100 kOhm)
Digital Timer Inputs (IN):

Frequency ranges (0.1 Hz – 20 kHz, 0.1 Hz – 10 kHz)
Current ranges (7/14 mA)
High-Side (HS) and Low-Side (LS) Digital Outputs (OUT):

Current capabilities (up to 4 A)
Features like current sense, LED control, and analog input options
PWM Outputs:

High-Side PWM outputs with current measurement capabilities (up to 4 A)
Sensor Supply:

Voltage ranges (5–10 V)
The diagram helps users understand how to interface with the ARM Cortex processor within the HY-TTC 500 system by providing a clear layout of the available input and output channels, their specifications, and their potential configurations. This information is crucial for designing and implementing control systems that utilize the HY-TTC 500's capabilities effectively."
72,"According to [26_image_0.png], what are the different settings and options available for the ARM Cortex processor, and how are they represented?","The provided context does not contain any information about the settings and options available for the ARM Cortex processor. It primarily discusses features and variants of the Spartan-6 FPGA and other hardware components. Therefore, I don't know the answer to the question based on the given context."
73,"What international standards and guidelines does the HY-TTC 500 family comply with, and what are the applied limits and severity levels?","The HY-TTC 500 family complies with several international standards and guidelines, including:

Environmental Criteria:

ISO 16750: The HY-TTC 500 meets the requirements for various environmental conditions, including supply voltage, mechanical vibration, mechanical shock, and operating temperature. Specific codes and severity levels include B1 F2, L, G, D, Z, and IP6k7; IP6k9k.
Electrical Capability:

ISO 16750-2:2012: This standard covers electrical tests for transient conduction along supply lines.
ISO 7637-2:2011: This standard includes electrical test pulses such as:
Pulse 1: -600 V, 1 ms
Pulse 2a: +50 V, 50 µs
Pulse 2b: +20 V, 200 ms
Pulse 3a: -200 V, 0.1 µs
Pulse 3b: +200 V, 0.1 µs
Pulse 4: For 12 V systems, -6V drop (6 V remaining voltage); for 24 V systems, -18 V drop (6 V remaining voltage)
Pulse 5a: +174 V, 2 Ω, 350 ms
ISO 7637-3:2007: This standard tests electrical transient transmission along signal lines, with severity level I for 24 V parameters.
Mechanical Capability:

ISO 16750-3:2012: This standard includes tests for free fall (1 m high, 6 falls per side) and random vibration (broad-band 3 axes, 32 hours per axis, 57.9 m/s from 10 Hz to 2 kHz, with a temperature profile superimposed).
Safety Standards:

ISO 13849: The HY-TTC 500 meets Category 2, Performance Level d.
IEC 61508: The platform complies with Safety Integrity Level 2.
ISO 25119: The platform meets AgPL d/SRL 2.
The HY-TTC 500 platform may also fulfill the requirements of the ISO 26262 series of standards, but additional requirements from the ISO 26262 Safety Manual [TTC500-SM-26262] must be met for use in an ISO 26262 related environment."
74,What are the electrical capability tests outlined in ISO 16750-2:2012 and ISO 7637-2:2011 for the HY-TTC 500?,"The electrical capability tests outlined in ISO 16750-2:2012 and ISO 7637-2:2011 for the HY-TTC 500 include the following electrical test pulses for transient conduction along supply lines:

Pulse 1: -600 V, 1 ms
Pulse 2a: +50 V, 50 µs
Pulse 2b: +20 V, 200 ms
Pulse 3a: -200 V, 0.1 µs
Pulse 3b: +200 V, 0.1 µs
Pulse 4:
For a 12 V system: -6 V drop (6 V remaining voltage)
For a 24 V system: -18 V drop (6 V remaining voltage)
Pulse 5a: +174 V, 2 Ω, 350 ms
These tests ensure that the HY-TTC 500 can handle various electrical disturbances that may occur in automotive environments."
75,Describe the mechanical capability tests the HY-TTC 500 has passed according to ISO 16750-3:2012.,"The HY-TTC 500 has passed several mechanical capability tests according to ISO 16750-3:2012. These tests include:

Free Fall Tests: The device was subjected to free fall tests from a height of 1 meter, with 6 falls per side.
Random Vibration Tests: It underwent random vibration tests in a broad-band range across 3 axes, with each axis being tested for 32 hours. The vibration range was from 10 Hz to 2 kHz, with a superimposed temperature profile.
Shock Tests: The device was tested for shock resistance using half-sine shocks across 3 axes, with a total of 60 shocks. Each shock had a magnitude of 500 m/s² and a duration of 6 milliseconds."
76,"What climatic capability tests are specified in ISO 16750-4:2012, and what do they measure?","ISO 16750-4:2012 specifies several climatic capability tests, which measure the resilience and performance of automotive electrical and electronic equipment under various environmental conditions. The tests include:

Humid Heat Cyclic: This test, referenced from DIN EN 60068-2-30:2006-06 and DIN EN 60068-2-38:2009, measures the equipment's ability to withstand cyclic exposure to high humidity and heat.

Damp Heat: According to DIN EN 60068-2-78:2014-02, this test evaluates the equipment's performance under conditions of high humidity and constant temperature.

Salt Spray: As per DIN EN 60068-2-11:2000-02 and DIN EN 60068-2-38:1996-10, this test assesses the equipment's resistance to corrosion caused by salt-laden environments.

These tests ensure that automotive components can endure and function correctly under various climatic conditions, including humidity, heat, and corrosive environments."
77,"What chemical agents are used to test the HY-TTC 500 according to IEC 16750-5:2010, and what are the application methods for these agents?","The chemical agents used to test the HY-TTC 500 according to IEC 16750-5:2010 are listed in Table 4 of the provided context. The application methods for these agents are as follows:

Diesel fuel - Wiping
“Bio” diesel - Wiping
Petrol/gasoline unleaded - Wiping
Methanol - Wiping
Engine oil - Brushing
Differential oil - Brushing
Transmission fluid - Brushing
Hydraulic fluid - Brushing
Battery fluid - Wiping
Brake fluid - Wiping
Antifreeze fluid - Wiping
Cavity protection - Wiping
Protective lacquer - Brushing
Protective lacquer remover - Wiping
Windscreen washer fluid - Brushing
Vehicle washing chemicals - Brushing
Interior cleaner - Wiping
Glass cleaner - Wiping
Wheel cleaner - Brushing
Cold cleaning agent - Brushing
Denatured alcohol - Wiping
Refreshment containing caffeine and sugar - Wiping
Gasoline with 15% methanol - Wiping
FAM test fuel - Wiping
These agents are applied either by wiping or brushing, depending on the specific chemical agent."
78,Explain the ingress protection capabilities of the HY-TTC 500 as defined by ISO 20653:2013.,"The HY-TTC 500 has ingress protection capabilities defined by ISO 20653:2013, specifically rated as IP6k7 and IP6k9k.

IP6k7: This rating indicates that the device is completely protected against dust ingress (indicated by the '6') and can withstand immersion in water up to 1 meter for 30 minutes (indicated by the '7').

IP6k9k: This rating also confirms complete protection against dust ingress (indicated by the '6') and adds protection against high-pressure and high-temperature water jets (indicated by the '9k').

These ratings ensure that the HY-TTC 500 is highly resistant to both dust and water, making it suitable for use in harsh environmental conditions."
79,What general safety instructions should be followed for the operation of the HY-TTC 500 family ECUs?,"For the safe operation of the HY-TTC 500 family ECUs, the following general safety instructions should be followed:

Documentation and Specifications:

Ensure that the HY-TTC 500 System Manual corresponds with the product version of the ECU. The product version on the manual's title page must match the version on the ECU label.
Carefully read the instructions and specifications listed in the system manual before operating the ECU.
Mounting and Environment:

Choose a mounting location that prevents operation temperatures from exceeding the maximum allowed for the ECU.
Ensure the ECU is mounted in a way that humans are not directly exposed to it, and physical contact is avoided.
Do not operate the ECU in an environment that violates the specified operational range.
Power Supply and Connectors:

Secure the ECU's power supply with a fuse that matches the maximum specified input current of the ECU and the cable harness.
Use only the type of connectors specified in the manual. It is not allowed to use any other connector or cable harness.
Personnel and Handling:

The ECU must be operated by skilled and trained personnel only.
Do not open a sealed ECU or operate an unsealed ECU outside the laboratory.
Do not operate a prototype ECU in a production environment, regardless of whether it is sealed or unsealed.
Maintenance:

The ECU does not require maintenance activities by the user/system integrator, except for exchanging the ECU after it has reached its specified lifetime.
Pre-Commissioning Checks:

Check the supply voltage before connecting the ECU.
Inspect the ECU connector and the cable harness for defects.
Ensure the correct dimensioning of the wires in the cable harness.
Following these instructions will help ensure the safe and effective operation of the HY-TTC 500 family ECUs."
80,"Based on [46_image_0.png], describe how the diagram relates to the environmental and protection standards for the HY-TTC 500.","The diagram in [46_image_0.png] likely relates to the environmental and protection standards for the HY-TTC 500 by illustrating the various enable/disable paths for the power stages, which are crucial for ensuring the device's safety in operation. The HY-TTC 500 is designed to meet several international standards and guidelines, including ISO 16750, which covers environmental criteria such as supply voltage, mechanical vibration, mechanical shock, and operating temperature. The device is housed in an IP67- and IP6k9k-rated die-cast aluminum housing, providing robust protection against dust and water ingress. Additionally, the HY-TTC 500 can operate in a wide temperature range of -40 °C to +85 °C and at altitudes up to 4000 meters, ensuring its reliability in various environmental conditions. The safety concept overview in the diagram would be essential for applications requiring strict adherence to these standards."
81,"What is the nominal supply voltage range for full operation of the HY-TTC 500's power stages, and what kind of protection do the BAT+ Power pins have?","The nominal supply voltage range for full operation of the HY-TTC 500's power stages is 9 to 32 V. The BAT+ Power pins have protection against load dump conditions, with a peak non-destructive supply clamping voltage of up to 45 V for less than 1 ms and a peak non-destructive supply clamping current of up to 100 A for less than 1 ms. Additionally, the system is protected against permanent battery supply currents of up to 60 A when all six pins are used in parallel with symmetrical wire connections."
82,Describe the purpose and configuration of the BAT+ Power supply pins (P201 - P206) for the HY-TTC 500.,"The BAT+ Power supply pins (P201 - P206) for the HY-TTC 500 are designed to provide the positive power supply for the power stages of the system. These pins are responsible for supplying the necessary battery voltage to ensure the proper operation of the power stages. The configuration and purpose of each pin are as follows:

P201: Battery (+) Supply of Power Stages / BAT+ Power
P202: Battery (+) Supply of Power Stages / BAT+ Power
P203: Battery (+) Supply of Power Stages / BAT+ Power
P204: Battery (+) Supply of Power Stages / BAT+ Power
P205: Battery (+) Supply of Power Stages / BAT+ Power
P206: Battery (+) Supply of Power Stages / BAT+ Power
The nominal supply voltage for full operation ranges between 6 and 32 V, which includes the typical supply voltage ranges for 12 V and 24 V battery operations. Within this voltage range, all input/output operations function as described in the system manual. Additionally, the BAT+ Power pins are equipped with inverse polarity protection to safeguard the system against incorrect battery connections."
83,What are the maximum and peak non-destructive supply voltage ratings for the HY-TTC 500's power stages?,The maximum non-destructive supply voltage rating for the HY-TTC 500's power stages is 32 V. The peak non-destructive supply voltage rating must never exceed the battery supply voltage (BAT+ Power +0.5 V).
84,Explain the peak non-destructive supply current and load dump protection time for the HY-TTC 500's power stages according to ISO 7637-2 [20].,"The HY-TTC 500's power stages are designed to handle high-load currents while ensuring thermal and contact current limits are not exceeded. According to the ISO 7637-2 standard, the peak non-destructive supply current and load dump protection time are critical parameters for the device's power stages.

Peak Non-Destructive Supply Current: The document does not explicitly state the peak non-destructive supply current. However, it mentions that the maximum total load current (Iin-total) for the HY-TTC 500 must be managed to avoid exceeding thermal and contact current limits. For instance, operating all power stages at their maximum rated current (4 A) would result in a load current far beyond the allowed limit, indicating that the device is designed to handle high currents but within specified limits to prevent damage.

Load Dump Protection Time: The document does not provide specific details on the load dump protection time according to ISO 7637-2. Load dump protection typically refers to the device's ability to withstand a sudden surge in voltage, which is a common automotive requirement. The document does mention that the input voltage under overload conditions can go up to 32 V but must not exceed the battery supply voltage, suggesting some level of protection against voltage surges.

In summary, while the document provides detailed information on managing high-load currents and ensuring thermal limits are not exceeded, it does not explicitly state the peak non-destructive supply current or the load dump protection time as per ISO 7637-2."
85,What are the input capacitance and supply voltage parameters for full operation of the HY-TTC 500's power stages?,"The input capacitance and supply voltage parameters for full operation of the HY-TTC 500's power stages are as follows:

Input Voltage: The input voltage may range from -0.5 V to a maximum of 32 V, but it must never exceed the battery supply voltage (BAT+ Power +0.5 V).
Supply Voltage: The supply voltage for the power stages should be within the range of -0.5 V to BAT+ Power +0.5 V.
The context does not provide specific details about the input capacitance for the power stages."
86,"What is the significance of the BAT+ CPU pin, and how does it affect the accuracy of the PVG output voltage?","The BAT+ CPU pin in the HY-TTC 500 system serves as a reference voltage input for the internal electronics, sensor supply, and PVG/Vout output stages. The significance of this pin lies in its role in defining the output voltage of the PVG/Vout outputs as a percentage of the battery voltage. Consequently, any voltage drop on the wire connected to this pin directly affects the accuracy of the PVG output voltage. To minimize this voltage drop and ensure accurate PVG output, it is recommended to use the maximum possible wire size (FLRY type) when dealing with maximum load current. This helps reduce the voltage drop and prevents overheating of the crimp contact."
87,Describe the maximum ratings for the permanent and peak non-destructive supply voltage and current for the HY-TTC 500's internal electronics.,"The maximum ratings for the permanent and peak non-destructive supply voltage and current for the HY-TTC 500's internal electronics are as follows:

Permanent non-destructive supply voltage (Uin-max): 32 V
Peak non-destructive supply clamping voltage (Uin-lim): 45 V for less than 1 ms
Peak non-destructive supply clamping current (Iin-lim): 100 A for less than 1 ms
Permanent input current (Iin-max): 3 A
These ratings ensure that the internal electronics of the HY-TTC 500 can handle specific voltage and current levels without sustaining damage."
88,"What are the supply voltage ranges for start-up and full operation of the HY-TTC 500's internal electronics, and what are the standby supply current values?","The HY-TTC 500's internal electronics have specific supply voltage ranges for start-up and full operation. The initial minimum supply voltage required for start-up at the beginning of the drive cycle is 8 V. After start-up, the system is designed to remain operational with a supply voltage ranging from 6 V to 32 V, accommodating both 12 V and 24 V battery operations, including cold-start cranking scenarios.

Regarding standby supply current, the HY-TTC 500 has a standby supply current value of less than 0.5 mA when Terminal 15 and Wake-Up are off."
89,"Based on [107_image_1.png], describe the design and organization of the electronic device depicted in the image, particularly focusing on the arrangement of buttons.","Based on the provided context, the electronic device depicted in [107_image_1.png] appears to have a well-organized layout with a focus on various input and output functionalities. The arrangement of buttons and inputs is categorized into different types, such as analog voltage inputs, digital inputs, and timer inputs. Here are the key points regarding the design and organization:

Analog Voltage Inputs: These are labeled as IO_ADC_xx, where 'xx' represents different numbers (e.g., IO_ADC_00, IO_ADC_02, IO_ADC_04, etc.). These inputs are likely used for measuring analog signals.

Digital Inputs: These are labeled as IO_DI_xx, where 'xx' represents different numbers (e.g., IO_DI_48, IO_DI_50, IO_DI_52, etc.). These inputs are used for digital signal processing.

Timer Inputs: These are labeled as IO_PWD_xx, where 'xx' represents different numbers (e.g., IO_PWD_00, IO_PWD_02, IO_PWD_04, etc.). These inputs are used for timing-related functions.

Power and Ground Connections: There are also connections labeled as BAT- and other power-related labels, indicating where the device connects to power sources.

Button Arrangement: The buttons are organized in a sequential manner, labeled as P108, P109, P110, etc., up to P123. This suggests a systematic layout, possibly for easy access and identification.

Overall, the device's design emphasizes a clear and structured arrangement of various inputs and outputs, facilitating its use for complex electronic tasks."
90,"Referring to [113_image_0.png], explain the significance of the electrical circuit diagram, including the measurements, calculations, and graphs shown in the image.","I don't have access to the specific image [113_image_0.png] you are referring to, so I can't provide a detailed explanation of that particular electrical circuit diagram. However, I can provide some general insights based on the context provided.

The context mentions various types of sensors and their typical wiring and measurement characteristics:

Potentiometric Analog Sensors: These sensors are typically wired in a specific manner to ensure accurate measurements. The wiring diagram would show how these sensors are connected to the Electronic Control Unit (ECU).

Current Loop Sensors: These are typically 2-wire sensors where one wire is connected to the battery supply and the other to the ECU's analog input. The standard current range for these sensors is 4-24 mA, with 4 mA representing the minimum physical value and 24 mA the maximum. The diagram would likely show this connection and the current measurement capabilities of the ECU.

Analog Resistance Input: This input is used for measuring resistive sensors, such as NTC or PTC resistors for temperature measurement. The actual resistance is computed from the measured input voltage and a known reference resistor value. The diagram would illustrate this setup, emphasizing the importance of matching the sensor's resistance with the reference resistor for optimal accuracy.

Current Measurement Characteristics: The context provides details on the proportional error, zero reading error, and the nominal value of 1 LSB (Least Significant Bit) for current measurements. These parameters are crucial for understanding the accuracy and precision of the measurements taken by the ECU.

Ground Shifts and Measurement Accuracy: It is noted that supplying a sensor by one ECU and measuring its output signal on another ECU is not allowed due to potential ground shifts, which can degrade measurement accuracy.

If you have specific questions about the measurements, calculations, or graphs shown in the image, please provide more details or the image itself, and I can offer a more precise explanation."
91,"What are the alternative functions of high-side power stages in the HY-TTC 500, and what application requirement must be followed regarding input voltage?","The high-side power stages in the HY-TTC 500 can alternatively be used as analog, digital, or frequency inputs. However, there is an important application requirement regarding the input voltage: the input voltage on all high-side stages, including when used for alternative input functions, must never exceed the power stage supply BAT+ Power +0.5 V. This requirement is valid in all states of the ECU, including active, standby, and power-off states."
92,Explain the role of the parasitic diode in high-side power stages and the precaution that must be taken to ensure safe operation.,"In high-side power stages, there is a parasitic diode that plays a crucial role. This diode conducts if the output voltage, or the input voltage in the case of alternative input functions, is externally driven higher than the voltage on the BAT+Power supply pins. To ensure safe operation, it is essential that the input voltage on all high-side stages, including those used for alternative input functions, must never exceed the power stage supply BAT+ Power +0.5 V. This requirement is valid in all states of the ECU, including active, standby, and power-off states. Failure to adhere to this precaution can lead to unintended conduction through the parasitic diode, potentially causing damage or malfunction."
93,Why is it recommended not to use switches directly switching to battery voltage with alternative inputs in safety-critical applications?,"It is recommended not to use switches directly switching to battery voltage with alternative inputs in safety-critical applications for several reasons:

Risk of Short Circuits: Directly switching to battery voltage can lead to short circuits, which can compromise the safety integrity of the system. For instance, a short circuit to battery voltage at any PWM high side output's connector pin might influence the safety integrity of all remaining high side stages sharing the same safety switch, preventing the safety switch from de-energizing.

Destruction of Components: Nonconforming wiring, such as connecting external switches or analog sensors directly to battery supply, can lead to the destruction of the HY-TTC 500 system.

Lack of Secondary Shut-off Paths: The high-side output stages (IO_DO_00 - IO_DO_07 and IO_PVG_00 - IO_PVG_07) are not equipped with secondary shut-off paths, making them unsuitable for safety-critical applications if directly connected to battery voltage.

Reverse Conducting Characteristics: The reverse conducting characteristics of PWM high side stages can cause unintended power supply to terminal 15 input even if the power switch is activated, due to external short circuits in the actuator lines.

To mitigate these risks, it is recommended to use external switches connected to GND and ensure that battery-supplied switches and sensors are supplied via a digital output of the HY-TTC 500. This approach helps to exclude short circuits to battery supply in the system architecture, thereby enhancing safety."
94,Describe the valid wiring example for an external switch connected to GND and the precautions to avoid short circuits to the battery supply.,"A valid wiring example for an external switch connected to GND involves ensuring that the switch is properly connected to the ground (GND) and that short circuits to the battery supply are excluded in the system architecture. This setup is crucial to avoid system faults and ensure safe operation.

To avoid short circuits to the battery supply, the following precautions should be taken:

System Architecture Design: Ensure that the system architecture is designed in such a way that short circuits to the battery supply are excluded. This involves careful planning and implementation of the wiring layout.

Use of Digital Outputs: For battery-supplied switches and sensors, they should be supplied via a digital output of the HY-TTC 500. This helps in managing the power supply and avoiding direct connections that could lead to short circuits.

Avoid Direct Battery Voltage Switching: Switches that directly switch to battery voltage must not be used with alternative inputs. This is to prevent any potential short circuits that could damage the system.

By following these guidelines, the risk of short circuits to the battery supply can be minimized, ensuring the safe and reliable operation of the system."
95,What is the recommended wiring practice for digital switches and analog sensors supplied via an HY-TTC 500 PWM high-side output pin?,"The recommended wiring practice for digital switches and analog sensors supplied via an HY-TTC 500 PWM high-side output pin is as follows:

Connection to PWM High-Side Output Stage: Digital switches and analog sensors should be supplied via an HY-TTC 500 PWM high-side output pin. The output of the switch or sensor should be monitored by an alternative (PWM high-side) input.

Secondary Shut-Off Path: The sourcing PWM high-side output stage (IO_PWM_00 - IO_PWM_35) must be part of the same secondary shut-off path (A, B, or C) as the alternative input pin. For example, if IO_PWM_00 (output/source) supplies the digital sensor, the sensor output should be monitored by IO_PWM_13 (input), and both IOs should be part of secondary shut-off path A.

Avoiding Fault Scenarios: To counteract fault scenarios, it is essential to follow maximum ratings and specified wiring examples. For safety-critical applications, additional restrictions apply, such as using external switches connected to GND and ensuring that short circuits to battery supply are excluded in the system architecture.

Battery Supplied Switches and Sensors: These need to be supplied via a digital output of the HY-TTC 500.

By adhering to these guidelines, you can ensure safe and reliable operation of digital switches and analog sensors connected to the HY-TTC 500 PWM high-side output pin."
96,Why must the sourcing PWM high-side output stage and the alternative input pin be out of the same secondary shut-off path in safety-critical applications?,"In safety-critical applications, the sourcing PWM high-side output stage and the alternative input pin must be out of the same secondary shut-off path to ensure that a failure in one does not compromise the safety integrity of the entire system. The PWM high-side stages feature internal safety switches that can override a faulty power stage output, providing an independent secondary shut-off path to transfer the system to a safe state in case of dangerous failures. If a short circuit to battery voltage occurs at any PWM high-side output's connector pin, it could prevent the safety switch from de-energizing, thereby affecting all high-side stages sharing the same safety switch. Therefore, it is crucial to separate these components to avoid a single point of failure that could jeopardize the entire safety mechanism."
97,Discuss the risks associated with using digital switches and analog sensors directly supplied from the battery in terms of potential damage to the HY-TTC 500.,"Using digital switches and analog sensors directly supplied from the battery poses several risks to the HY-TTC 500, potentially leading to its damage. Here are the key risks:

Overloading and Destruction of Output Stages: If a fuse is blown, BAT+Power is disconnected, or a stop switch is pressed, digital switches or analog sensors still receive power directly from the battery. This situation causes the current to flow over the closed switch and through the parasitic body diode of the output stage used as input. Consequently, all the load current of other outputs flows via this single output stage's body diode, which can overload and destroy the output stage.

Lack of Safety Mechanisms: The analog input measurement of the digital low side and high side stages is not equipped with automatically enabled safety mechanisms. Therefore, additional measures must be implemented if the overall safety function requires diagnostic coverage for the analog input function. Without these measures, the system integrator cannot claim any safety mechanisms, increasing the risk of undetected failures.

Undetectable Failure Modes: In the digital input configuration, certain failure modes of the digital low side and high side stages, such as unintentional activation of power stages, might not be detectable by the HY-TTC 500 I/O driver's diagnostic modules. This lack of detection capability necessitates the redundant usage of independent input stages for safety functions that require diagnostic coverage.

To mitigate these risks, it is recommended to:

Use external switches connected to GND.
Ensure that battery-supplied switches and sensors are supplied via a digital output of the HY-TTC 500.
Follow maximum ratings and specified wiring examples to ensure safe operation.
Nonconforming wiring can lead to the destruction of the HY-TTC 500, emphasizing the importance of adhering to these guidelines."
98,What precautions should be taken to avoid using nonconforming wiring examples in safety-critical systems?,"To avoid using nonconforming wiring examples in safety-critical systems, several precautions should be taken:

Follow Maximum Ratings and Specified Wiring Examples: Adhering to the maximum ratings and specified wiring examples is essential for safe operation. This helps in counteracting potential fault scenarios.

Avoid Direct Battery Voltage Switching: Switches that directly switch to battery voltage must not be used with alternative inputs. Instead, use external switches connected to GND to prevent short circuits to the battery supply.

Supply Battery-Supplied Switches and Sensors via Digital Output: Ensure that battery-supplied switches and sensors are supplied via a digital output of the HY-TTC 500 to avoid direct battery connections.

Use Maximum Possible Wire Size: For maximum load current, use the maximum possible wire size (FLRY type) to reduce voltage drop and prevent overheating of the crimp contact.

Evaluate Criticality of Short Circuits: The system integrator should evaluate the criticality of potential short circuits to battery voltage at PWM high side stage connector pins, especially those sharing the same internal safety switch, as this could influence the safety integrity of the system.

Implement Fast Error Detection: For safety-critical applications, implement fast error detection mechanisms such as a permanent PWM output with a minimum on/off time to ensure reliable periodical state changes and permanent load monitoring.

Systematic Development Process: Apply a systematic development process according to the requirements of the respective performance level, including plausibility checks and the use of a Memory Protection Unit (MPU) to prevent bit-modifications in critical memory areas.

By following these precautions, the integrity and safety of the wiring in safety-critical systems can be maintained."
99,"Based on [230_image_0.png], describe the different sections and labels in the electrical circuit diagram and explain the significance of the switches in the circuit.","Based on the provided context, the electrical circuit diagram in [230_image_0.png] likely includes various sections and labels that correspond to different components and configurations of the HY-TTC 500 system. Here are the key sections and labels that might be present in the diagram:

Unidirectional Single Power Stage: This section would show a power stage that allows current to flow in one direction only, typically used for simple power supply configurations.

Unidirectional Double Power Stage: Similar to the single power stage but with two stages, providing more robust power management.

Bidirectional H-bridge (Single Power Stages): This section would illustrate an H-bridge configuration that allows current to flow in both directions, useful for controlling motors.

Bidirectional H-bridge (Multiple Low Side Power Stages) and Bidirectional H-bridge (Multiple High and Low Side Power Stages): These sections would show more complex H-bridge configurations with multiple power stages, enhancing control and power handling capabilities.

Motor Cluster (Example: Outside Mirror Control): This section would depict a motor control cluster, possibly for automotive applications like controlling an outside mirror.

Switch connected to GND: This section would show switches that are connected to the ground, which is a common configuration for completing circuits.

Switch connected to PWM high-side output stage: This section would illustrate switches and sensors connected to a PWM high-side output stage, which is used for precise control of power delivery.

The significance of the switches in the circuit can be summarized as follows:

Power Switches: These are used to control the power supply to different parts of the circuit. For example, a power switch might be used to disconnect the supply for the internal power stages or the internal logic core, as described in the context. This is crucial for safety and power management, especially in case of external short circuits.

Digital and Analog Switches: These switches are used to control and monitor digital and analog signals within the circuit. They are often connected to PWM high-side output stages for precise control and monitoring.

Safety and Isolation: The switches play a critical role in ensuring the safety and proper functioning of the circuit. For instance, they can de-energize the ECU's logic core to shut down the overall ECU in case of a fault, preventing potential damage or unsafe conditions.

In summary, the switches in the electrical circuit diagram are essential for controlling power, managing signals, and ensuring the safety and reliability of the system."
100,"Referring to [234_image_0.png], explain the potential impact of a blown fuse or a pressed stop switch on the digital switches or analog sensors supplied directly from the battery.","If a fuse is blown or the stop switch is pressed in a system where digital switches and analog sensors are supplied directly from the battery, the following potential impacts can occur:

Continued Supply to Digital Switches and Analog Sensors: Despite the fuse being blown or the stop switch being pressed, digital switches and analog sensors will still receive power. This is because the current can flow over the closed switch and through the parasitic body diode of the output stage used as input.

Overloading of Output Stage: All the load current from other outputs will now flow through the body diode of this single output stage. This can lead to overloading and potentially destroying the output stage.

Risk of Destruction: Nonconforming wiring, such as the scenarios described, can lead to the destruction of the HY-TTC 500 system. This is because the system is not designed to handle such conditions safely, and the overload can cause significant damage.

In summary, a blown fuse or a pressed stop switch can cause the load current to reroute through unintended paths, leading to potential overloading and destruction of the output stages in the HY-TTC 500 system."