"What are the types of errors defined in the diagnostic state machine for the HY-TTC 500, and how do they differ in terms of their impact on system operation?","There are four types of errors defined in the diagnostic state machine for the HY-TTC 500:
- **Persistent fatal errors**: These errors always activate the safe state when detected. The application is informed about the error before a reset occurs via the notification callback (DIAG_NOTIFY_CB).
- **Persistent non-fatal errors**: For these errors, the application can decide which action to take via the error callback (DIAG_ERROR_CB).
- **Temporary fatal errors**: These errors are reported after a configured anti-glitch time (glitch filter). Once this time has expired, the error is treated as a persistent fatal error.
- **Temporary non-fatal errors**: Similar to temporary fatal errors, these errors are reported after the anti-glitch time has expired, after which they are treated as persistent non-fatal errors.

Here is the relevant table:
<table_14>[{'----------------------------------------------': '-------------------------', '----------': '----------', '----------------------------------------------------------': '--------'}, {'No.': 'Name', 'Fatal?': 'Temporary?'}, {'0': 'DIAG_E_NOERROR'}, {'1': 'DIAG_E_ADC_3MODE_', 'no': 'no'}, {'SWITCH_TEST': 'switches'}, {'2': 'DIAG_E_ADC_3MODE_', 'no': 'yes'}, {'SWITCH_PERIODIC': 'switches'}, {'3': 'DIAG_E_ADC_2MODE_RED_', 'no': 'no'}, {'CHANNEL_TEST': 'ADCs'}, {'4': 'DIAG_E_ADC_SR_CONF_', 'yes': 'no'}, {'5': 'DIAG_E_ADC_RANGE', 'no': 'yes'}, {'6': 'DIAG_E_ADC_UBAT', 'yes': 'yes'}, {'7': 'DIAG_E_ADC_BOARD_TEMP', 'yes': 'yes'}, {'8': 'DIAG_E_ADC_SENSOR_SUPPLY', 'no': 'yes'}, {'9': 'DIAG_E_ADC_2V5_REF', 'yes': 'yes'}, {'10': 'DIAG_E_ADC_1V2', 'yes': 'yes'}, {'11': 'DIAG_E_ADC_VPGATE', 'yes': 'yes'}, {'12': 'DIAG_E_PWM_SHORT_CIRCUIT', 'no': 'no'}, {'13': 'DIAG_E_PWM_OPEN_LOAD', 'no': 'no'}, {'14': 'DIAG_E_PWM_FEEDBACK', 'no': 'yes'}, {'15': 'DIAG_E_PWM_CURRENT', 'no': 'yes'}, {'16': 'DIAG_E_DO_SHORT_CIRCUIT', 'no': 'no'}, {'17': 'DIAG_E_DO_OPEN_LOAD', 'no': 'no'}, {'18': 'DIAG_E_DO_FEEDBACK', 'no': 'yes'}, {'19': 'DIAG_E_PWD_RANGE', 'no': 'yes'}, {'20': 'DIAG_E_PWD_CURRENT', 'no': 'yes'}, {'21': 'DIAG_E_PWD_THRESH', 'no': 'yes'}, {'22': 'DIAG_E_SSW_TEST', 'no': 'no'}, {'23': 'DIAG_E_SSW_PERIODIC', 'no': 'yes'}, {'24': 'DIAG_E_SSW_EXT_SHUTOFF', 'no': 'yes', 'Safety': 'switch', 'external': 'shut-off'}, {'25': 'DIAG_E_VMON_TEST', 'yes': 'no'}, {'26': 'DIAG_E_VMON_PERIODIC', 'yes': 'yes'}, {'27': 'DIAG_E_ENABLE_TREE_TEST', 'yes': 'no'}, {'28': 'DIAG_E_WD_INIT', 'yes': 'no'}, {'29': 'DIAG_E_WD_ACTIVATION', 'yes': 'no'}, {'30': 'DIAG_E_WD_TRIGGER', 'yes': 'no'}, {'31': 'DIAG_E_INIT_CORE_L2L3', 'yes': 'no'}, {'32': 'DIAG_E_INIT_CORE_EFUSE_', 'yes': 'no'}, {'33': 'DIAG_E_INIT_CORE_FLASH_', 'yes': 'no'}]</table_14>
<table_15>[{'No.': 'Name', 'Fatal?': 'Temporary?'}, {'-------------': '-------------------------', '----------': '--------------'}, {'34': 'DIAG_E_INIT_CORE_STC_', 'yes': 'no'}, {'35': 'DIAG_E_INIT_CORE_SELFTEST', 'yes': 'no'}, {'36': 'DIAG_E_INIT_CORE_PSCON_', 'yes': 'no'}, {'37': 'DIAG_E_INIT_CORE_PBIST_', 'yes': 'no'}, {'38': 'DIAG_E_INIT_CORE_RAM_', 'yes': 'no'}, {'ECC_B0': 'error'}, {'39': 'DIAG_E_INIT_CORE_RAM_', 'yes': 'no'}, {'ECC_B1': 'error'}, {'40': 'DIAG_E_INIT_CORE_FLASH_', 'yes': 'no'}, {'DATA_ECC': 'error'}, {'41': 'DIAG_E_INIT_CORE_CFG_', 'yes': 'no'}, {'FLASH_ECC': 'test error'}, {'42': 'DIAG_E_INIT_CORE_IOMM_', 'yes': 'no'}, {'43': 'DIAG_E_INIT_CORE_CCM_', 'yes': 'no'}, {'44': 'DIAG_E_INIT_CORE_ADD_', 'yes': 'no'}, {'DECODE_B0': 'error'}, {'45': 'DIAG_E_INIT_CORE_ADD_', 'yes': 'no'}, {'DECODE_B1': 'error'}, {'46': 'DIAG_E_INIT_CORE_DCC1_', 'yes': 'no'}, {'47': 'DIAG_E_INIT_CORE_DCC2_', 'yes': 'no'}, {'48': 'DIAG_E_INIT_CORE_ERROR_', 'yes': 'no'}, {'49': 'DIAG_E_INIT_CORE_MPU_', 'yes': 'no'}, {'50': 'DIAG_E_INIT_CORE_RAM_', 'yes': 'no'}, {'51': 'DIAG_E_INIT_CORE_RAM_', 'yes': 'no'}, {'52': 'DIAG_E_CORE_READBACK', 'yes': 'no'}, {'53': 'DIAG_E_APPL_SAFE_STATE', 'yes': 'no'}, {'54': 'DIAG_E_DRIVER_INIT', 'yes': 'no'}, {'55': 'DIAG_E_DATA_ABORT', 'yes': 'no'}, {'56': 'DIAG_E_PREFETCH_ABORT', 'yes': 'no'}, {'57': 'DIAG_E_UNDEF_INSTRUCTION', 'yes': 'no'}, {'58': 'DIAG_E_ESM_HLI', 'yes': 'no'}, {'59': 'DIAG_E_ESM_LLI', 'yes': 'no'}, {'60': 'DIAG_E_ESM_LLI_CALLBACK', 'no': 'no'}]</table_15>
<table_16>[{'No.': 'Name', 'Fatal?': 'Temporary?'}, {'------------': '---------------------------', '----------': '--------------'}, {'61': 'DIAG_E_PARITIY_FALLBACK', 'yes': 'no'}, {'62': 'DIAG_E_INVALID_DIAG_STATE', 'yes': 'no'}, {'63': 'DIAG_E_INVALID_IRQ', 'yes': 'no'}, {'64': 'DIAG_E_PRG_OVERFLOW', 'yes': 'no'}, {'65': 'DIAG_E_MAIN_LOOP', 'yes': 'no'}, {'66': 'DIAG_E_INIT_CORE_IOMM_', 'yes': 'no'}, {'67': 'DIAG_E_INIT_CORE_PLL1_', 'yes': 'no'}, {'68': 'DIAG_E_INIT_CORE_PLL2_', 'yes': 'no'}, {'69': 'DIAG_E_INIT_CORE_OSC_', 'yes': 'no'}, {'70': 'DIAG_E_INIT_CORE_ADD_', 'yes': 'no'}, {'71': 'DIAG_E_INIT_CORE_ADD_', 'yes': 'no'}, {'72': 'DIAG_E_INIT_CORE_FLASH_', 'yes': 'no'}, {'73': 'DIAG_E_INIT_CORE_DMA_', 'yes': 'no'}, {'74': 'DIAG_E_ERROR_CALLBACK_', 'yes': 'no'}]</table_16>"
"What is the purpose of the diagnostic state machine's error codes, and how are they categorized?","The diagnostic state machine's error codes provide detailed information about errors and are categorized into four types: persistent fatal errors, persistent non-fatal errors, temporary fatal errors, and temporary non-fatal errors. Each type of error has specific handling mechanisms, such as activating the safe state for fatal errors or allowing application decisions for non-fatal errors.

Here is the relevant table:
<table_14>[{'----------------------------------------------': '-------------------------', '----------': '----------', '----------------------------------------------------------': '--------'}, {'No.': 'Name', 'Fatal?': 'Temporary?'}, {'0': 'DIAG_E_NOERROR'}, {'1': 'DIAG_E_ADC_3MODE_', 'no': 'no'}, {'SWITCH_TEST': 'switches'}, {'2': 'DIAG_E_ADC_3MODE_', 'no': 'yes'}, {'SWITCH_PERIODIC': 'switches'}, {'3': 'DIAG_E_ADC_2MODE_RED_', 'no': 'no'}, {'CHANNEL_TEST': 'ADCs'}, {'4': 'DIAG_E_ADC_SR_CONF_', 'yes': 'no'}, {'5': 'DIAG_E_ADC_RANGE', 'no': 'yes'}, {'6': 'DIAG_E_ADC_UBAT', 'yes': 'yes'}, {'7': 'DIAG_E_ADC_BOARD_TEMP', 'yes': 'yes'}, {'8': 'DIAG_E_ADC_SENSOR_SUPPLY', 'no': 'yes'}, {'9': 'DIAG_E_ADC_2V5_REF', 'yes': 'yes'}, {'10': 'DIAG_E_ADC_1V2', 'yes': 'yes'}, {'11': 'DIAG_E_ADC_VPGATE', 'yes': 'yes'}, {'12': 'DIAG_E_PWM_SHORT_CIRCUIT', 'no': 'no'}, {'13': 'DIAG_E_PWM_OPEN_LOAD', 'no': 'no'}, {'14': 'DIAG_E_PWM_FEEDBACK', 'no': 'yes'}, {'15': 'DIAG_E_PWM_CURRENT', 'no': 'yes'}, {'16': 'DIAG_E_DO_SHORT_CIRCUIT', 'no': 'no'}, {'17': 'DIAG_E_DO_OPEN_LOAD', 'no': 'no'}, {'18': 'DIAG_E_DO_FEEDBACK', 'no': 'yes'}, {'19': 'DIAG_E_PWD_RANGE', 'no': 'yes'}, {'20': 'DIAG_E_PWD_CURRENT', 'no': 'yes'}, {'21': 'DIAG_E_PWD_THRESH', 'no': 'yes'}, {'22': 'DIAG_E_SSW_TEST', 'no': 'no'}, {'23': 'DIAG_E_SSW_PERIODIC', 'no': 'yes'}, {'24': 'DIAG_E_SSW_EXT_SHUTOFF', 'no': 'yes', 'Safety': 'switch', 'external': 'shut-off'}, {'25': 'DIAG_E_VMON_TEST', 'yes': 'no'}, {'26': 'DIAG_E_VMON_PERIODIC', 'yes': 'yes'}, {'27': 'DIAG_E_ENABLE_TREE_TEST', 'yes': 'no'}, {'28': 'DIAG_E_WD_INIT', 'yes': 'no'}, {'29': 'DIAG_E_WD_ACTIVATION', 'yes': 'no'}, {'30': 'DIAG_E_WD_TRIGGER', 'yes': 'no'}, {'31': 'DIAG_E_INIT_CORE_L2L3', 'yes': 'no'}, {'32': 'DIAG_E_INIT_CORE_EFUSE_', 'yes': 'no'}, {'33': 'DIAG_E_INIT_CORE_FLASH_', 'yes': 'no'}]</table_14>
<table_15>[{'No.': 'Name', 'Fatal?': 'Temporary?'}, {'-------------': '-------------------------', '----------': '--------------'}, {'34': 'DIAG_E_INIT_CORE_STC_', 'yes': 'no'}, {'35': 'DIAG_E_INIT_CORE_SELFTEST', 'yes': 'no'}, {'36': 'DIAG_E_INIT_CORE_PSCON_', 'yes': 'no'}, {'37': 'DIAG_E_INIT_CORE_PBIST_', 'yes': 'no'}, {'38': 'DIAG_E_INIT_CORE_RAM_', 'yes': 'no'}, {'ECC_B0': 'error'}, {'39': 'DIAG_E_INIT_CORE_RAM_', 'yes': 'no'}, {'ECC_B1': 'error'}, {'40': 'DIAG_E_INIT_CORE_FLASH_', 'yes': 'no'}, {'DATA_ECC': 'error'}, {'41': 'DIAG_E_INIT_CORE_CFG_', 'yes': 'no'}, {'FLASH_ECC': 'test error'}, {'42': 'DIAG_E_INIT_CORE_IOMM_', 'yes': 'no'}, {'43': 'DIAG_E_INIT_CORE_CCM_', 'yes': 'no'}, {'44': 'DIAG_E_INIT_CORE_ADD_', 'yes': 'no'}, {'DECODE_B0': 'error'}, {'45': 'DIAG_E_INIT_CORE_ADD_', 'yes': 'no'}, {'DECODE_B1': 'error'}, {'46': 'DIAG_E_INIT_CORE_DCC1_', 'yes': 'no'}, {'47': 'DIAG_E_INIT_CORE_DCC2_', 'yes': 'no'}, {'48': 'DIAG_E_INIT_CORE_ERROR_', 'yes': 'no'}, {'49': 'DIAG_E_INIT_CORE_MPU_', 'yes': 'no'}, {'50': 'DIAG_E_INIT_CORE_RAM_', 'yes': 'no'}, {'51': 'DIAG_E_INIT_CORE_RAM_', 'yes': 'no'}, {'52': 'DIAG_E_CORE_READBACK', 'yes': 'no'}, {'53': 'DIAG_E_APPL_SAFE_STATE', 'yes': 'no'}, {'54': 'DIAG_E_DRIVER_INIT', 'yes': 'no'}, {'55': 'DIAG_E_DATA_ABORT', 'yes': 'no'}, {'56': 'DIAG_E_PREFETCH_ABORT', 'yes': 'no'}, {'57': 'DIAG_E_UNDEF_INSTRUCTION', 'yes': 'no'}, {'58': 'DIAG_E_ESM_HLI', 'yes': 'no'}, {'59': 'DIAG_E_ESM_LLI', 'yes': 'no'}, {'60': 'DIAG_E_ESM_LLI_CALLBACK', 'no': 'no'}]</table_15>
<table_16>[{'No.': 'Name', 'Fatal?': 'Temporary?'}, {'------------': '---------------------------', '----------': '--------------'}, {'61': 'DIAG_E_PARITIY_FALLBACK', 'yes': 'no'}, {'62': 'DIAG_E_INVALID_DIAG_STATE', 'yes': 'no'}, {'63': 'DIAG_E_INVALID_IRQ', 'yes': 'no'}, {'64': 'DIAG_E_PRG_OVERFLOW', 'yes': 'no'}, {'65': 'DIAG_E_MAIN_LOOP', 'yes': 'no'}, {'66': 'DIAG_E_INIT_CORE_IOMM_', 'yes': 'no'}, {'67': 'DIAG_E_INIT_CORE_PLL1_', 'yes': 'no'}, {'68': 'DIAG_E_INIT_CORE_PLL2_', 'yes': 'no'}, {'69': 'DIAG_E_INIT_CORE_OSC_', 'yes': 'no'}, {'70': 'DIAG_E_INIT_CORE_ADD_', 'yes': 'no'}, {'71': 'DIAG_E_INIT_CORE_ADD_', 'yes': 'no'}, {'72': 'DIAG_E_INIT_CORE_FLASH_', 'yes': 'no'}, {'73': 'DIAG_E_INIT_CORE_DMA_', 'yes': 'no'}, {'74': 'DIAG_E_ERROR_CALLBACK_', 'yes': 'no'}]</table_16>"
How does the system handle temporary fatal errors according to the diagnostic state machine error codes?,"Temporary fatal errors are managed using a glitch filter mechanism. These errors are reported after the configured anti-glitch time expires. Once reported, they are treated like persistent fatal errors, activating the safe state and informing the application about the error.

Here is the relevant table:
<table_14>[{'----------------------------------------------': '-------------------------', '----------': '----------', '----------------------------------------------------------': '--------'}, {'No.': 'Name', 'Fatal?': 'Temporary?'}, {'0': 'DIAG_E_NOERROR'}, {'1': 'DIAG_E_ADC_3MODE_', 'no': 'no'}, {'SWITCH_TEST': 'switches'}, {'2': 'DIAG_E_ADC_3MODE_', 'no': 'yes'}, {'SWITCH_PERIODIC': 'switches'}, {'3': 'DIAG_E_ADC_2MODE_RED_', 'no': 'no'}, {'CHANNEL_TEST': 'ADCs'}, {'4': 'DIAG_E_ADC_SR_CONF_', 'yes': 'no'}, {'5': 'DIAG_E_ADC_RANGE', 'no': 'yes'}, {'6': 'DIAG_E_ADC_UBAT', 'yes': 'yes'}, {'7': 'DIAG_E_ADC_BOARD_TEMP', 'yes': 'yes'}, {'8': 'DIAG_E_ADC_SENSOR_SUPPLY', 'no': 'yes'}, {'9': 'DIAG_E_ADC_2V5_REF', 'yes': 'yes'}, {'10': 'DIAG_E_ADC_1V2', 'yes': 'yes'}, {'11': 'DIAG_E_ADC_VPGATE', 'yes': 'yes'}, {'12': 'DIAG_E_PWM_SHORT_CIRCUIT', 'no': 'no'}, {'13': 'DIAG_E_PWM_OPEN_LOAD', 'no': 'no'}, {'14': 'DIAG_E_PWM_FEEDBACK', 'no': 'yes'}, {'15': 'DIAG_E_PWM_CURRENT', 'no': 'yes'}, {'16': 'DIAG_E_DO_SHORT_CIRCUIT', 'no': 'no'}, {'17': 'DIAG_E_DO_OPEN_LOAD', 'no': 'no'}, {'18': 'DIAG_E_DO_FEEDBACK', 'no': 'yes'}, {'19': 'DIAG_E_PWD_RANGE', 'no': 'yes'}, {'20': 'DIAG_E_PWD_CURRENT', 'no': 'yes'}, {'21': 'DIAG_E_PWD_THRESH', 'no': 'yes'}, {'22': 'DIAG_E_SSW_TEST', 'no': 'no'}, {'23': 'DIAG_E_SSW_PERIODIC', 'no': 'yes'}, {'24': 'DIAG_E_SSW_EXT_SHUTOFF', 'no': 'yes', 'Safety': 'switch', 'external': 'shut-off'}, {'25': 'DIAG_E_VMON_TEST', 'yes': 'no'}, {'26': 'DIAG_E_VMON_PERIODIC', 'yes': 'yes'}, {'27': 'DIAG_E_ENABLE_TREE_TEST', 'yes': 'no'}, {'28': 'DIAG_E_WD_INIT', 'yes': 'no'}, {'29': 'DIAG_E_WD_ACTIVATION', 'yes': 'no'}, {'30': 'DIAG_E_WD_TRIGGER', 'yes': 'no'}, {'31': 'DIAG_E_INIT_CORE_L2L3', 'yes': 'no'}, {'32': 'DIAG_E_INIT_CORE_EFUSE_', 'yes': 'no'}, {'33': 'DIAG_E_INIT_CORE_FLASH_', 'yes': 'no'}]</table_14>
<table_15>[{'No.': 'Name', 'Fatal?': 'Temporary?'}, {'-------------': '-------------------------', '----------': '--------------'}, {'34': 'DIAG_E_INIT_CORE_STC_', 'yes': 'no'}, {'35': 'DIAG_E_INIT_CORE_SELFTEST', 'yes': 'no'}, {'36': 'DIAG_E_INIT_CORE_PSCON_', 'yes': 'no'}, {'37': 'DIAG_E_INIT_CORE_PBIST_', 'yes': 'no'}, {'38': 'DIAG_E_INIT_CORE_RAM_', 'yes': 'no'}, {'ECC_B0': 'error'}, {'39': 'DIAG_E_INIT_CORE_RAM_', 'yes': 'no'}, {'ECC_B1': 'error'}, {'40': 'DIAG_E_INIT_CORE_FLASH_', 'yes': 'no'}, {'DATA_ECC': 'error'}, {'41': 'DIAG_E_INIT_CORE_CFG_', 'yes': 'no'}, {'FLASH_ECC': 'test error'}, {'42': 'DIAG_E_INIT_CORE_IOMM_', 'yes': 'no'}, {'43': 'DIAG_E_INIT_CORE_CCM_', 'yes': 'no'}, {'44': 'DIAG_E_INIT_CORE_ADD_', 'yes': 'no'}, {'DECODE_B0': 'error'}, {'45': 'DIAG_E_INIT_CORE_ADD_', 'yes': 'no'}, {'DECODE_B1': 'error'}, {'46': 'DIAG_E_INIT_CORE_DCC1_', 'yes': 'no'}, {'47': 'DIAG_E_INIT_CORE_DCC2_', 'yes': 'no'}, {'48': 'DIAG_E_INIT_CORE_ERROR_', 'yes': 'no'}, {'49': 'DIAG_E_INIT_CORE_MPU_', 'yes': 'no'}, {'50': 'DIAG_E_INIT_CORE_RAM_', 'yes': 'no'}, {'51': 'DIAG_E_INIT_CORE_RAM_', 'yes': 'no'}, {'52': 'DIAG_E_CORE_READBACK', 'yes': 'no'}, {'53': 'DIAG_E_APPL_SAFE_STATE', 'yes': 'no'}, {'54': 'DIAG_E_DRIVER_INIT', 'yes': 'no'}, {'55': 'DIAG_E_DATA_ABORT', 'yes': 'no'}, {'56': 'DIAG_E_PREFETCH_ABORT', 'yes': 'no'}, {'57': 'DIAG_E_UNDEF_INSTRUCTION', 'yes': 'no'}, {'58': 'DIAG_E_ESM_HLI', 'yes': 'no'}, {'59': 'DIAG_E_ESM_LLI', 'yes': 'no'}, {'60': 'DIAG_E_ESM_LLI_CALLBACK', 'no': 'no'}]</table_15>
<table_16>[{'No.': 'Name', 'Fatal?': 'Temporary?'}, {'------------': '---------------------------', '----------': '--------------'}, {'61': 'DIAG_E_PARITIY_FALLBACK', 'yes': 'no'}, {'62': 'DIAG_E_INVALID_DIAG_STATE', 'yes': 'no'}, {'63': 'DIAG_E_INVALID_IRQ', 'yes': 'no'}, {'64': 'DIAG_E_PRG_OVERFLOW', 'yes': 'no'}, {'65': 'DIAG_E_MAIN_LOOP', 'yes': 'no'}, {'66': 'DIAG_E_INIT_CORE_IOMM_', 'yes': 'no'}, {'67': 'DIAG_E_INIT_CORE_PLL1_', 'yes': 'no'}, {'68': 'DIAG_E_INIT_CORE_PLL2_', 'yes': 'no'}, {'69': 'DIAG_E_INIT_CORE_OSC_', 'yes': 'no'}, {'70': 'DIAG_E_INIT_CORE_ADD_', 'yes': 'no'}, {'71': 'DIAG_E_INIT_CORE_ADD_', 'yes': 'no'}, {'72': 'DIAG_E_INIT_CORE_FLASH_', 'yes': 'no'}, {'73': 'DIAG_E_INIT_CORE_DMA_', 'yes': 'no'}, {'74': 'DIAG_E_ERROR_CALLBACK_', 'yes': 'no'}]</table_16>"
Can you explain the handling of temporary non-fatal errors by the diagnostic state machine?,"Temporary non-fatal errors are also managed using a glitch filter mechanism. They are reported after the configured anti-glitch time. After being reported, these errors are treated like persistent non-fatal errors, allowing the application to decide on the appropriate action via the error callback (DIAG_ERROR_CB).

Here is the relevant table:
<table_14>[{'----------------------------------------------': '-------------------------', '----------': '----------', '----------------------------------------------------------': '--------'}, {'No.': 'Name', 'Fatal?': 'Temporary?'}, {'0': 'DIAG_E_NOERROR'}, {'1': 'DIAG_E_ADC_3MODE_', 'no': 'no'}, {'SWITCH_TEST': 'switches'}, {'2': 'DIAG_E_ADC_3MODE_', 'no': 'yes'}, {'SWITCH_PERIODIC': 'switches'}, {'3': 'DIAG_E_ADC_2MODE_RED_', 'no': 'no'}, {'CHANNEL_TEST': 'ADCs'}, {'4': 'DIAG_E_ADC_SR_CONF_', 'yes': 'no'}, {'5': 'DIAG_E_ADC_RANGE', 'no': 'yes'}, {'6': 'DIAG_E_ADC_UBAT', 'yes': 'yes'}, {'7': 'DIAG_E_ADC_BOARD_TEMP', 'yes': 'yes'}, {'8': 'DIAG_E_ADC_SENSOR_SUPPLY', 'no': 'yes'}, {'9': 'DIAG_E_ADC_2V5_REF', 'yes': 'yes'}, {'10': 'DIAG_E_ADC_1V2', 'yes': 'yes'}, {'11': 'DIAG_E_ADC_VPGATE', 'yes': 'yes'}, {'12': 'DIAG_E_PWM_SHORT_CIRCUIT', 'no': 'no'}, {'13': 'DIAG_E_PWM_OPEN_LOAD', 'no': 'no'}, {'14': 'DIAG_E_PWM_FEEDBACK', 'no': 'yes'}, {'15': 'DIAG_E_PWM_CURRENT', 'no': 'yes'}, {'16': 'DIAG_E_DO_SHORT_CIRCUIT', 'no': 'no'}, {'17': 'DIAG_E_DO_OPEN_LOAD', 'no': 'no'}, {'18': 'DIAG_E_DO_FEEDBACK', 'no': 'yes'}, {'19': 'DIAG_E_PWD_RANGE', 'no': 'yes'}, {'20': 'DIAG_E_PWD_CURRENT', 'no': 'yes'}, {'21': 'DIAG_E_PWD_THRESH', 'no': 'yes'}, {'22': 'DIAG_E_SSW_TEST', 'no': 'no'}, {'23': 'DIAG_E_SSW_PERIODIC', 'no': 'yes'}, {'24': 'DIAG_E_SSW_EXT_SHUTOFF', 'no': 'yes', 'Safety': 'switch', 'external': 'shut-off'}, {'25': 'DIAG_E_VMON_TEST', 'yes': 'no'}, {'26': 'DIAG_E_VMON_PERIODIC', 'yes': 'yes'}, {'27': 'DIAG_E_ENABLE_TREE_TEST', 'yes': 'no'}, {'28': 'DIAG_E_WD_INIT', 'yes': 'no'}, {'29': 'DIAG_E_WD_ACTIVATION', 'yes': 'no'}, {'30': 'DIAG_E_WD_TRIGGER', 'yes': 'no'}, {'31': 'DIAG_E_INIT_CORE_L2L3', 'yes': 'no'}, {'32': 'DIAG_E_INIT_CORE_EFUSE_', 'yes': 'no'}, {'33': 'DIAG_E_INIT_CORE_FLASH_', 'yes': 'no'}]</table_14>
<table_15>[{'No.': 'Name', 'Fatal?': 'Temporary?'}, {'-------------': '-------------------------', '----------': '--------------'}, {'34': 'DIAG_E_INIT_CORE_STC_', 'yes': 'no'}, {'35': 'DIAG_E_INIT_CORE_SELFTEST', 'yes': 'no'}, {'36': 'DIAG_E_INIT_CORE_PSCON_', 'yes': 'no'}, {'37': 'DIAG_E_INIT_CORE_PBIST_', 'yes': 'no'}, {'38': 'DIAG_E_INIT_CORE_RAM_', 'yes': 'no'}, {'ECC_B0': 'error'}, {'39': 'DIAG_E_INIT_CORE_RAM_', 'yes': 'no'}, {'ECC_B1': 'error'}, {'40': 'DIAG_E_INIT_CORE_FLASH_', 'yes': 'no'}, {'DATA_ECC': 'error'}, {'41': 'DIAG_E_INIT_CORE_CFG_', 'yes': 'no'}, {'FLASH_ECC': 'test error'}, {'42': 'DIAG_E_INIT_CORE_IOMM_', 'yes': 'no'}, {'43': 'DIAG_E_INIT_CORE_CCM_', 'yes': 'no'}, {'44': 'DIAG_E_INIT_CORE_ADD_', 'yes': 'no'}, {'DECODE_B0': 'error'}, {'45': 'DIAG_E_INIT_CORE_ADD_', 'yes': 'no'}, {'DECODE_B1': 'error'}, {'46': 'DIAG_E_INIT_CORE_DCC1_', 'yes': 'no'}, {'47': 'DIAG_E_INIT_CORE_DCC2_', 'yes': 'no'}, {'48': 'DIAG_E_INIT_CORE_ERROR_', 'yes': 'no'}, {'49': 'DIAG_E_INIT_CORE_MPU_', 'yes': 'no'}, {'50': 'DIAG_E_INIT_CORE_RAM_', 'yes': 'no'}, {'51': 'DIAG_E_INIT_CORE_RAM_', 'yes': 'no'}, {'52': 'DIAG_E_CORE_READBACK', 'yes': 'no'}, {'53': 'DIAG_E_APPL_SAFE_STATE', 'yes': 'no'}, {'54': 'DIAG_E_DRIVER_INIT', 'yes': 'no'}, {'55': 'DIAG_E_DATA_ABORT', 'yes': 'no'}, {'56': 'DIAG_E_PREFETCH_ABORT', 'yes': 'no'}, {'57': 'DIAG_E_UNDEF_INSTRUCTION', 'yes': 'no'}, {'58': 'DIAG_E_ESM_HLI', 'yes': 'no'}, {'59': 'DIAG_E_ESM_LLI', 'yes': 'no'}, {'60': 'DIAG_E_ESM_LLI_CALLBACK', 'no': 'no'}]</table_15>
<table_16>[{'No.': 'Name', 'Fatal?': 'Temporary?'}, {'------------': '---------------------------', '----------': '--------------'}, {'61': 'DIAG_E_PARITIY_FALLBACK', 'yes': 'no'}, {'62': 'DIAG_E_INVALID_DIAG_STATE', 'yes': 'no'}, {'63': 'DIAG_E_INVALID_IRQ', 'yes': 'no'}, {'64': 'DIAG_E_PRG_OVERFLOW', 'yes': 'no'}, {'65': 'DIAG_E_MAIN_LOOP', 'yes': 'no'}, {'66': 'DIAG_E_INIT_CORE_IOMM_', 'yes': 'no'}, {'67': 'DIAG_E_INIT_CORE_PLL1_', 'yes': 'no'}, {'68': 'DIAG_E_INIT_CORE_PLL2_', 'yes': 'no'}, {'69': 'DIAG_E_INIT_CORE_OSC_', 'yes': 'no'}, {'70': 'DIAG_E_INIT_CORE_ADD_', 'yes': 'no'}, {'71': 'DIAG_E_INIT_CORE_ADD_', 'yes': 'no'}, {'72': 'DIAG_E_INIT_CORE_FLASH_', 'yes': 'no'}, {'73': 'DIAG_E_INIT_CORE_DMA_', 'yes': 'no'}, {'74': 'DIAG_E_ERROR_CALLBACK_', 'yes': 'no'}]</table_16>"
"What role do persistent non-fatal errors play in the diagnostic state machine, and how are they managed?","Persistent non-fatal errors allow the application to decide which action to take when such errors are detected. This decision is facilitated through the error callback (DIAG_ERROR_CB), providing flexibility in handling these errors without immediately activating the safe state.

Here is the relevant table:
<table_14>[{'----------------------------------------------': '-------------------------', '----------': '----------', '----------------------------------------------------------': '--------'}, {'No.': 'Name', 'Fatal?': 'Temporary?'}, {'0': 'DIAG_E_NOERROR'}, {'1': 'DIAG_E_ADC_3MODE_', 'no': 'no'}, {'SWITCH_TEST': 'switches'}, {'2': 'DIAG_E_ADC_3MODE_', 'no': 'yes'}, {'SWITCH_PERIODIC': 'switches'}, {'3': 'DIAG_E_ADC_2MODE_RED_', 'no': 'no'}, {'CHANNEL_TEST': 'ADCs'}, {'4': 'DIAG_E_ADC_SR_CONF_', 'yes': 'no'}, {'5': 'DIAG_E_ADC_RANGE', 'no': 'yes'}, {'6': 'DIAG_E_ADC_UBAT', 'yes': 'yes'}, {'7': 'DIAG_E_ADC_BOARD_TEMP', 'yes': 'yes'}, {'8': 'DIAG_E_ADC_SENSOR_SUPPLY', 'no': 'yes'}, {'9': 'DIAG_E_ADC_2V5_REF', 'yes': 'yes'}, {'10': 'DIAG_E_ADC_1V2', 'yes': 'yes'}, {'11': 'DIAG_E_ADC_VPGATE', 'yes': 'yes'}, {'12': 'DIAG_E_PWM_SHORT_CIRCUIT', 'no': 'no'}, {'13': 'DIAG_E_PWM_OPEN_LOAD', 'no': 'no'}, {'14': 'DIAG_E_PWM_FEEDBACK', 'no': 'yes'}, {'15': 'DIAG_E_PWM_CURRENT', 'no': 'yes'}, {'16': 'DIAG_E_DO_SHORT_CIRCUIT', 'no': 'no'}, {'17': 'DIAG_E_DO_OPEN_LOAD', 'no': 'no'}, {'18': 'DIAG_E_DO_FEEDBACK', 'no': 'yes'}, {'19': 'DIAG_E_PWD_RANGE', 'no': 'yes'}, {'20': 'DIAG_E_PWD_CURRENT', 'no': 'yes'}, {'21': 'DIAG_E_PWD_THRESH', 'no': 'yes'}, {'22': 'DIAG_E_SSW_TEST', 'no': 'no'}, {'23': 'DIAG_E_SSW_PERIODIC', 'no': 'yes'}, {'24': 'DIAG_E_SSW_EXT_SHUTOFF', 'no': 'yes', 'Safety': 'switch', 'external': 'shut-off'}, {'25': 'DIAG_E_VMON_TEST', 'yes': 'no'}, {'26': 'DIAG_E_VMON_PERIODIC', 'yes': 'yes'}, {'27': 'DIAG_E_ENABLE_TREE_TEST', 'yes': 'no'}, {'28': 'DIAG_E_WD_INIT', 'yes': 'no'}, {'29': 'DIAG_E_WD_ACTIVATION', 'yes': 'no'}, {'30': 'DIAG_E_WD_TRIGGER', 'yes': 'no'}, {'31': 'DIAG_E_INIT_CORE_L2L3', 'yes': 'no'}, {'32': 'DIAG_E_INIT_CORE_EFUSE_', 'yes': 'no'}, {'33': 'DIAG_E_INIT_CORE_FLASH_', 'yes': 'no'}]</table_14>
<table_15>[{'No.': 'Name', 'Fatal?': 'Temporary?'}, {'-------------': '-------------------------', '----------': '--------------'}, {'34': 'DIAG_E_INIT_CORE_STC_', 'yes': 'no'}, {'35': 'DIAG_E_INIT_CORE_SELFTEST', 'yes': 'no'}, {'36': 'DIAG_E_INIT_CORE_PSCON_', 'yes': 'no'}, {'37': 'DIAG_E_INIT_CORE_PBIST_', 'yes': 'no'}, {'38': 'DIAG_E_INIT_CORE_RAM_', 'yes': 'no'}, {'ECC_B0': 'error'}, {'39': 'DIAG_E_INIT_CORE_RAM_', 'yes': 'no'}, {'ECC_B1': 'error'}, {'40': 'DIAG_E_INIT_CORE_FLASH_', 'yes': 'no'}, {'DATA_ECC': 'error'}, {'41': 'DIAG_E_INIT_CORE_CFG_', 'yes': 'no'}, {'FLASH_ECC': 'test error'}, {'42': 'DIAG_E_INIT_CORE_IOMM_', 'yes': 'no'}, {'43': 'DIAG_E_INIT_CORE_CCM_', 'yes': 'no'}, {'44': 'DIAG_E_INIT_CORE_ADD_', 'yes': 'no'}, {'DECODE_B0': 'error'}, {'45': 'DIAG_E_INIT_CORE_ADD_', 'yes': 'no'}, {'DECODE_B1': 'error'}, {'46': 'DIAG_E_INIT_CORE_DCC1_', 'yes': 'no'}, {'47': 'DIAG_E_INIT_CORE_DCC2_', 'yes': 'no'}, {'48': 'DIAG_E_INIT_CORE_ERROR_', 'yes': 'no'}, {'49': 'DIAG_E_INIT_CORE_MPU_', 'yes': 'no'}, {'50': 'DIAG_E_INIT_CORE_RAM_', 'yes': 'no'}, {'51': 'DIAG_E_INIT_CORE_RAM_', 'yes': 'no'}, {'52': 'DIAG_E_CORE_READBACK', 'yes': 'no'}, {'53': 'DIAG_E_APPL_SAFE_STATE', 'yes': 'no'}, {'54': 'DIAG_E_DRIVER_INIT', 'yes': 'no'}, {'55': 'DIAG_E_DATA_ABORT', 'yes': 'no'}, {'56': 'DIAG_E_PREFETCH_ABORT', 'yes': 'no'}, {'57': 'DIAG_E_UNDEF_INSTRUCTION', 'yes': 'no'}, {'58': 'DIAG_E_ESM_HLI', 'yes': 'no'}, {'59': 'DIAG_E_ESM_LLI', 'yes': 'no'}, {'60': 'DIAG_E_ESM_LLI_CALLBACK', 'no': 'no'}]</table_15>
<table_16>[{'No.': 'Name', 'Fatal?': 'Temporary?'}, {'------------': '---------------------------', '----------': '--------------'}, {'61': 'DIAG_E_PARITIY_FALLBACK', 'yes': 'no'}, {'62': 'DIAG_E_INVALID_DIAG_STATE', 'yes': 'no'}, {'63': 'DIAG_E_INVALID_IRQ', 'yes': 'no'}, {'64': 'DIAG_E_PRG_OVERFLOW', 'yes': 'no'}, {'65': 'DIAG_E_MAIN_LOOP', 'yes': 'no'}, {'66': 'DIAG_E_INIT_CORE_IOMM_', 'yes': 'no'}, {'67': 'DIAG_E_INIT_CORE_PLL1_', 'yes': 'no'}, {'68': 'DIAG_E_INIT_CORE_PLL2_', 'yes': 'no'}, {'69': 'DIAG_E_INIT_CORE_OSC_', 'yes': 'no'}, {'70': 'DIAG_E_INIT_CORE_ADD_', 'yes': 'no'}, {'71': 'DIAG_E_INIT_CORE_ADD_', 'yes': 'no'}, {'72': 'DIAG_E_INIT_CORE_FLASH_', 'yes': 'no'}, {'73': 'DIAG_E_INIT_CORE_DMA_', 'yes': 'no'}, {'74': 'DIAG_E_ERROR_CALLBACK_', 'yes': 'no'}]</table_16>"
Why is it important to distinguish between temporary and persistent errors in the diagnostic state machine?,"Distinguishing between temporary and persistent errors is crucial because it helps in managing transient issues effectively. Temporary errors are filtered through a glitch mechanism to avoid false positives, ensuring that only persistent issues trigger more severe actions like activating the safe state or invoking error callbacks. This approach enhances the reliability and robustness of the system.

Here is the relevant table:
<table_14>[{'----------------------------------------------': '-------------------------', '----------': '----------', '----------------------------------------------------------': '--------'}, {'No.': 'Name', 'Fatal?': 'Temporary?'}, {'0': 'DIAG_E_NOERROR'}, {'1': 'DIAG_E_ADC_3MODE_', 'no': 'no'}, {'SWITCH_TEST': 'switches'}, {'2': 'DIAG_E_ADC_3MODE_', 'no': 'yes'}, {'SWITCH_PERIODIC': 'switches'}, {'3': 'DIAG_E_ADC_2MODE_RED_', 'no': 'no'}, {'CHANNEL_TEST': 'ADCs'}, {'4': 'DIAG_E_ADC_SR_CONF_', 'yes': 'no'}, {'5': 'DIAG_E_ADC_RANGE', 'no': 'yes'}, {'6': 'DIAG_E_ADC_UBAT', 'yes': 'yes'}, {'7': 'DIAG_E_ADC_BOARD_TEMP', 'yes': 'yes'}, {'8': 'DIAG_E_ADC_SENSOR_SUPPLY', 'no': 'yes'}, {'9': 'DIAG_E_ADC_2V5_REF', 'yes': 'yes'}, {'10': 'DIAG_E_ADC_1V2', 'yes': 'yes'}, {'11': 'DIAG_E_ADC_VPGATE', 'yes': 'yes'}, {'12': 'DIAG_E_PWM_SHORT_CIRCUIT', 'no': 'no'}, {'13': 'DIAG_E_PWM_OPEN_LOAD', 'no': 'no'}, {'14': 'DIAG_E_PWM_FEEDBACK', 'no': 'yes'}, {'15': 'DIAG_E_PWM_CURRENT', 'no': 'yes'}, {'16': 'DIAG_E_DO_SHORT_CIRCUIT', 'no': 'no'}, {'17': 'DIAG_E_DO_OPEN_LOAD', 'no': 'no'}, {'18': 'DIAG_E_DO_FEEDBACK', 'no': 'yes'}, {'19': 'DIAG_E_PWD_RANGE', 'no': 'yes'}, {'20': 'DIAG_E_PWD_CURRENT', 'no': 'yes'}, {'21': 'DIAG_E_PWD_THRESH', 'no': 'yes'}, {'22': 'DIAG_E_SSW_TEST', 'no': 'no'}, {'23': 'DIAG_E_SSW_PERIODIC', 'no': 'yes'}, {'24': 'DIAG_E_SSW_EXT_SHUTOFF', 'no': 'yes', 'Safety': 'switch', 'external': 'shut-off'}, {'25': 'DIAG_E_VMON_TEST', 'yes': 'no'}, {'26': 'DIAG_E_VMON_PERIODIC', 'yes': 'yes'}, {'27': 'DIAG_E_ENABLE_TREE_TEST', 'yes': 'no'}, {'28': 'DIAG_E_WD_INIT', 'yes': 'no'}, {'29': 'DIAG_E_WD_ACTIVATION', 'yes': 'no'}, {'30': 'DIAG_E_WD_TRIGGER', 'yes': 'no'}, {'31': 'DIAG_E_INIT_CORE_L2L3', 'yes': 'no'}, {'32': 'DIAG_E_INIT_CORE_EFUSE_', 'yes': 'no'}, {'33': 'DIAG_E_INIT_CORE_FLASH_', 'yes': 'no'}]</table_14>
<table_15>[{'No.': 'Name', 'Fatal?': 'Temporary?'}, {'-------------': '-------------------------', '----------': '--------------'}, {'34': 'DIAG_E_INIT_CORE_STC_', 'yes': 'no'}, {'35': 'DIAG_E_INIT_CORE_SELFTEST', 'yes': 'no'}, {'36': 'DIAG_E_INIT_CORE_PSCON_', 'yes': 'no'}, {'37': 'DIAG_E_INIT_CORE_PBIST_', 'yes': 'no'}, {'38': 'DIAG_E_INIT_CORE_RAM_', 'yes': 'no'}, {'ECC_B0': 'error'}, {'39': 'DIAG_E_INIT_CORE_RAM_', 'yes': 'no'}, {'ECC_B1': 'error'}, {'40': 'DIAG_E_INIT_CORE_FLASH_', 'yes': 'no'}, {'DATA_ECC': 'error'}, {'41': 'DIAG_E_INIT_CORE_CFG_', 'yes': 'no'}, {'FLASH_ECC': 'test error'}, {'42': 'DIAG_E_INIT_CORE_IOMM_', 'yes': 'no'}, {'43': 'DIAG_E_INIT_CORE_CCM_', 'yes': 'no'}, {'44': 'DIAG_E_INIT_CORE_ADD_', 'yes': 'no'}, {'DECODE_B0': 'error'}, {'45': 'DIAG_E_INIT_CORE_ADD_', 'yes': 'no'}, {'DECODE_B1': 'error'}, {'46': 'DIAG_E_INIT_CORE_DCC1_', 'yes': 'no'}, {'47': 'DIAG_E_INIT_CORE_DCC2_', 'yes': 'no'}, {'48': 'DIAG_E_INIT_CORE_ERROR_', 'yes': 'no'}, {'49': 'DIAG_E_INIT_CORE_MPU_', 'yes': 'no'}, {'50': 'DIAG_E_INIT_CORE_RAM_', 'yes': 'no'}, {'51': 'DIAG_E_INIT_CORE_RAM_', 'yes': 'no'}, {'52': 'DIAG_E_CORE_READBACK', 'yes': 'no'}, {'53': 'DIAG_E_APPL_SAFE_STATE', 'yes': 'no'}, {'54': 'DIAG_E_DRIVER_INIT', 'yes': 'no'}, {'55': 'DIAG_E_DATA_ABORT', 'yes': 'no'}, {'56': 'DIAG_E_PREFETCH_ABORT', 'yes': 'no'}, {'57': 'DIAG_E_UNDEF_INSTRUCTION', 'yes': 'no'}, {'58': 'DIAG_E_ESM_HLI', 'yes': 'no'}, {'59': 'DIAG_E_ESM_LLI', 'yes': 'no'}, {'60': 'DIAG_E_ESM_LLI_CALLBACK', 'no': 'no'}]</table_15>
<table_16>[{'No.': 'Name', 'Fatal?': 'Temporary?'}, {'------------': '---------------------------', '----------': '--------------'}, {'61': 'DIAG_E_PARITIY_FALLBACK', 'yes': 'no'}, {'62': 'DIAG_E_INVALID_DIAG_STATE', 'yes': 'no'}, {'63': 'DIAG_E_INVALID_IRQ', 'yes': 'no'}, {'64': 'DIAG_E_PRG_OVERFLOW', 'yes': 'no'}, {'65': 'DIAG_E_MAIN_LOOP', 'yes': 'no'}, {'66': 'DIAG_E_INIT_CORE_IOMM_', 'yes': 'no'}, {'67': 'DIAG_E_INIT_CORE_PLL1_', 'yes': 'no'}, {'68': 'DIAG_E_INIT_CORE_PLL2_', 'yes': 'no'}, {'69': 'DIAG_E_INIT_CORE_OSC_', 'yes': 'no'}, {'70': 'DIAG_E_INIT_CORE_ADD_', 'yes': 'no'}, {'71': 'DIAG_E_INIT_CORE_ADD_', 'yes': 'no'}, {'72': 'DIAG_E_INIT_CORE_FLASH_', 'yes': 'no'}, {'73': 'DIAG_E_INIT_CORE_DMA_', 'yes': 'no'}, {'74': 'DIAG_E_ERROR_CALLBACK_', 'yes': 'no'}]</table_16>"
What information does the `diag_state` field provide in the diagnostic state machine's context?,"The `diag_state` field provides information about the current state of the diagnostic state machine.

Here is the relevant table:
<table_17>[{'diag_state': 'current state of the diagnostic state machine'}, {'----------------': '-------------------------------------------------'}, {'watchdog_state': 'current state of the watchdog CPU'}, {'out': 'error'}]</table_17>"
How is the `watchdog_state` field utilized in the context of the diagnostic state machine?,"The `watchdog_state` field indicates the current state of the watchdog CPU.

Here is the relevant table:
<table_17>[{'diag_state': 'current state of the diagnostic state machine'}, {'----------------': '-------------------------------------------------'}, {'watchdog_state': 'current state of the watchdog CPU'}, {'out': 'error'}]</table_17>"
What does the `out` field represent in the diagnostic state machine's error reporting?,"The `out` field represents the error code, describing the detected error in the context of the diagnostic state machine.

Here is the relevant table:
<table_17>[{'diag_state': 'current state of the diagnostic state machine'}, {'----------------': '-------------------------------------------------'}, {'watchdog_state': 'current state of the watchdog CPU'}, {'out': 'error'}]</table_17>"
What action does the `DIAG_ERR_NOACTION` code specify in the diagnostic state machine?,"The `DIAG_ERR_NOACTION` code specifies to take no action and ignore the error.

Here is the relevant table:
<table_18>[{'DIAG_ERR_NOACTION': 'take no action (ignore the error)'}, {'-----------------------': '---------------------------------------------------'}, {'DIAG_ERR_SAFESTATE': 'enter the safe state (switch off all outputs)'}, {'DIAG_ERR_DISABLE_SSW0': 'disable the shut-off group 0 (IO_INT_SAFETY_SW_0)'}, {'DIAG_ERR_DISABLE_SSW1': 'disable the shut-off group 1 (IO_INT_SAFETY_SW_1)'}, {'DIAG_ERR_DISABLE_SSW2': 'disable the shut-off group 2 (IO_INT_SAFETY_SW_2)'}, {'DIAG_ERR_DISABLE_HS00': 'disable the high side digital output 0 (IO_DO_00)'}, {'DIAG_ERR_DISABLE_HS01': 'disable the high side digital output 1 (IO_DO_01)'}, {'DIAG_ERR_DISABLE_HS02': 'disable the high side digital output 2 (IO_DO_02)'}, {'DIAG_ERR_DISABLE_HS03': 'disable the high side digital output 3 (IO_DO_03)'}, {'DIAG_ERR_DISABLE_HS04': 'disable the high side digital output 4 (IO_DO_04)'}, {'DIAG_ERR_DISABLE_HS05': 'disable the high side digital output 5 (IO_DO_05)'}, {'DIAG_ERR_DISABLE_HS06': 'disable the high side digital output 6 (IO_DO_06)'}, {'DIAG_ERR_DISABLE_HS07': 'disable the high side digital output 7 (IO_DO_07)'}]</table_18>"
What does the `DIAG_ERR_SAFESTATE` code trigger in the event of a detected error?,"The `DIAG_ERR_SAFESTATE` code triggers entering the safe state, which involves switching off all outputs.

Here is the relevant table:
<table_18>[{'DIAG_ERR_NOACTION': 'take no action (ignore the error)'}, {'-----------------------': '---------------------------------------------------'}, {'DIAG_ERR_SAFESTATE': 'enter the safe state (switch off all outputs)'}, {'DIAG_ERR_DISABLE_SSW0': 'disable the shut-off group 0 (IO_INT_SAFETY_SW_0)'}, {'DIAG_ERR_DISABLE_SSW1': 'disable the shut-off group 1 (IO_INT_SAFETY_SW_1)'}, {'DIAG_ERR_DISABLE_SSW2': 'disable the shut-off group 2 (IO_INT_SAFETY_SW_2)'}, {'DIAG_ERR_DISABLE_HS00': 'disable the high side digital output 0 (IO_DO_00)'}, {'DIAG_ERR_DISABLE_HS01': 'disable the high side digital output 1 (IO_DO_01)'}, {'DIAG_ERR_DISABLE_HS02': 'disable the high side digital output 2 (IO_DO_02)'}, {'DIAG_ERR_DISABLE_HS03': 'disable the high side digital output 3 (IO_DO_03)'}, {'DIAG_ERR_DISABLE_HS04': 'disable the high side digital output 4 (IO_DO_04)'}, {'DIAG_ERR_DISABLE_HS05': 'disable the high side digital output 5 (IO_DO_05)'}, {'DIAG_ERR_DISABLE_HS06': 'disable the high side digital output 6 (IO_DO_06)'}, {'DIAG_ERR_DISABLE_HS07': 'disable the high side digital output 7 (IO_DO_07)'}]</table_18>"
What is the effect of the `DIAG_ERR_DISABLE_SSW0` error code in the diagnostic state machine?,"The `DIAG_ERR_DISABLE_SSW0` error code disables the shut-off group 0 (IO_INT_SAFETY_SW_0).

Here is the relevant table:
<table_18>[{'DIAG_ERR_NOACTION': 'take no action (ignore the error)'}, {'-----------------------': '---------------------------------------------------'}, {'DIAG_ERR_SAFESTATE': 'enter the safe state (switch off all outputs)'}, {'DIAG_ERR_DISABLE_SSW0': 'disable the shut-off group 0 (IO_INT_SAFETY_SW_0)'}, {'DIAG_ERR_DISABLE_SSW1': 'disable the shut-off group 1 (IO_INT_SAFETY_SW_1)'}, {'DIAG_ERR_DISABLE_SSW2': 'disable the shut-off group 2 (IO_INT_SAFETY_SW_2)'}, {'DIAG_ERR_DISABLE_HS00': 'disable the high side digital output 0 (IO_DO_00)'}, {'DIAG_ERR_DISABLE_HS01': 'disable the high side digital output 1 (IO_DO_01)'}, {'DIAG_ERR_DISABLE_HS02': 'disable the high side digital output 2 (IO_DO_02)'}, {'DIAG_ERR_DISABLE_HS03': 'disable the high side digital output 3 (IO_DO_03)'}, {'DIAG_ERR_DISABLE_HS04': 'disable the high side digital output 4 (IO_DO_04)'}, {'DIAG_ERR_DISABLE_HS05': 'disable the high side digital output 5 (IO_DO_05)'}, {'DIAG_ERR_DISABLE_HS06': 'disable the high side digital output 6 (IO_DO_06)'}, {'DIAG_ERR_DISABLE_HS07': 'disable the high side digital output 7 (IO_DO_07)'}]</table_18>"
"When the `DIAG_ERR_DISABLE_HS03` error code is active, what action is taken?","When the `DIAG_ERR_DISABLE_HS03` error code is active, it disables the high side digital output 3 (IO_DO_03).

Here is the relevant table:
<table_18>[{'DIAG_ERR_NOACTION': 'take no action (ignore the error)'}, {'-----------------------': '---------------------------------------------------'}, {'DIAG_ERR_SAFESTATE': 'enter the safe state (switch off all outputs)'}, {'DIAG_ERR_DISABLE_SSW0': 'disable the shut-off group 0 (IO_INT_SAFETY_SW_0)'}, {'DIAG_ERR_DISABLE_SSW1': 'disable the shut-off group 1 (IO_INT_SAFETY_SW_1)'}, {'DIAG_ERR_DISABLE_SSW2': 'disable the shut-off group 2 (IO_INT_SAFETY_SW_2)'}, {'DIAG_ERR_DISABLE_HS00': 'disable the high side digital output 0 (IO_DO_00)'}, {'DIAG_ERR_DISABLE_HS01': 'disable the high side digital output 1 (IO_DO_01)'}, {'DIAG_ERR_DISABLE_HS02': 'disable the high side digital output 2 (IO_DO_02)'}, {'DIAG_ERR_DISABLE_HS03': 'disable the high side digital output 3 (IO_DO_03)'}, {'DIAG_ERR_DISABLE_HS04': 'disable the high side digital output 4 (IO_DO_04)'}, {'DIAG_ERR_DISABLE_HS05': 'disable the high side digital output 5 (IO_DO_05)'}, {'DIAG_ERR_DISABLE_HS06': 'disable the high side digital output 6 (IO_DO_06)'}, {'DIAG_ERR_DISABLE_HS07': 'disable the high side digital output 7 (IO_DO_07)'}]</table_18>"
What does the `IO_E_OK` return value indicate in the diagnostic state machine?,"The `IO_E_OK` return value indicates that the operation was executed successfully.

Here is the relevant table:
<table_23>[{'IO_E_OK': 'Operation executed successfully.'}, {'-------------------': '------------------------------------------'}, {'IO_E_NULL_POINTER': 'The err_cnt parameter is a NULL pointer.'}]</table_23>"
What does the `IO_E_NULL_POINTER` error code signify?,"The `IO_E_NULL_POINTER` error code signifies that the `err_cnt` parameter is a NULL pointer.

Here is the relevant table:
<table_23>[{'IO_E_OK': 'Operation executed successfully.'}, {'-------------------': '------------------------------------------'}, {'IO_E_NULL_POINTER': 'The err_cnt parameter is a NULL pointer.'}]</table_23>"
What parameter represents the current state of the diagnostic state machine?,"The parameter `diag_state` represents the current state of the diagnostic state machine.

Here is the relevant table:
<table_25>[{'out': 'diag_state'}, {'-------': '----------------'}, {'out': 'watchdog_state'}, {'out': 'diag_error'}, {'out': 'watchdog_error'}, {'out': 'error_count'}]</table_25>
Parameters Returns IO_ErrorType"
Which parameter indicates the current state of the watchdog CPU?,"The parameter `watchdog_state` indicates the current state of the watchdog CPU.

Here is the relevant table:
<table_25>[{'out': 'diag_state'}, {'-------': '----------------'}, {'out': 'watchdog_state'}, {'out': 'diag_error'}, {'out': 'watchdog_error'}, {'out': 'error_count'}]</table_25>
Parameters Returns IO_ErrorType"
What does the parameter `diag_error` represent?,"The parameter `diag_error` represents the error codes of the diagnostic state machine.

Here is the relevant table:
<table_25>[{'out': 'diag_state'}, {'-------': '----------------'}, {'out': 'watchdog_state'}, {'out': 'diag_error'}, {'out': 'watchdog_error'}, {'out': 'error_count'}]</table_25>
Parameters Returns IO_ErrorType"
What is the purpose of the `error_count` parameter?,"The `error_count` parameter is used to track the watchdog CPU device error counter.

Here is the relevant table:
<table_25>[{'out': 'diag_state'}, {'-------': '----------------'}, {'out': 'watchdog_state'}, {'out': 'diag_error'}, {'out': 'watchdog_error'}, {'out': 'error_count'}]</table_25>
Parameters Returns IO_ErrorType"
What does the return value `IO_E_OK` signify?,"The return value `IO_E_OK` signifies that everything is fine.

Here is the relevant table:
<table_30>[{'Return values IO_E_OK': 'everything fine'}, {'-----------------------------': '------------------------------------------------------------------------------------------------'}, {'IO_E_INVALID_CHANNEL_ID': 'the given channel id does not exist or is not available on the used ECU variant'}, {'IO_E_CH_CAPABILITY': 'the given channel is not an ADC channel or the used ECU variant does not support this function'}, {'IO_E_INVALID_PARAMETER': 'parameter is out of range'}, {'IO_E_CHANNEL_BUSY': 'the ADC input channel is currently used by another function'}, {'IO_E_DRIVER_NOT_INITIALIZED': 'the common driver init function has not been called before'}, {'IO_E_INVALID_SAFETY_CONFIG': 'an invalid safety configuration has been passed'}, {'IO_E_DRV_SAFETY_CONF_NOT_': 'global safety configuration is missing'}, {'CONFIG IO_E_DRV_SAFETY_CYCLE_RUNNING': 'the init function was called after the task begin function'}, {'IO_E_UNKNOWN': 'an unknown error occurred'}]</table_30>"
What does the return value `IO_E_INVALID_CHANNEL_ID` indicate?,"The return value `IO_E_INVALID_CHANNEL_ID` indicates that the given channel ID does not exist or is not available on the used ECU variant.

Here is the relevant table:
<table_30>[{'Return values IO_E_OK': 'everything fine'}, {'-----------------------------': '------------------------------------------------------------------------------------------------'}, {'IO_E_INVALID_CHANNEL_ID': 'the given channel id does not exist or is not available on the used ECU variant'}, {'IO_E_CH_CAPABILITY': 'the given channel is not an ADC channel or the used ECU variant does not support this function'}, {'IO_E_INVALID_PARAMETER': 'parameter is out of range'}, {'IO_E_CHANNEL_BUSY': 'the ADC input channel is currently used by another function'}, {'IO_E_DRIVER_NOT_INITIALIZED': 'the common driver init function has not been called before'}, {'IO_E_INVALID_SAFETY_CONFIG': 'an invalid safety configuration has been passed'}, {'IO_E_DRV_SAFETY_CONF_NOT_': 'global safety configuration is missing'}, {'CONFIG IO_E_DRV_SAFETY_CYCLE_RUNNING': 'the init function was called after the task begin function'}, {'IO_E_UNKNOWN': 'an unknown error occurred'}]</table_30>"
What parameter specifies the CAN channel in the context of FIFO buffer configuration?,"The parameter `channel` specifies the CAN channel and can be one of the following: IO_CAN_CHANNEL_0, IO_CAN_CHANNEL_1, IO_CAN_CHANNEL_2, IO_CAN_CHANNEL_3, IO_CAN_CHANNEL_4, IO_CAN_CHANNEL_5, or IO_CAN_CHANNEL_6.

Here is the relevant table:
<table_34>[{'Parameters out': 'handle'}, {'------------------': '-----------------------------------------------------------------------------------------------------------------------------------------------------------'}, {'channel': 'CAN channel, one of: - IO_CAN_CHANNEL_0 - IO_CAN_CHANNEL_1 - IO_CAN_CHANNEL_2 - IO_CAN_CHANNEL_3 - IO_CAN_CHANNEL_4 - IO_CAN_CHANNEL_5 - IO_CAN_CHANNEL_6'}, {'size': 'Size of the FIFO buffer: - IO_CAN_CHANNEL_0 .. IO_CAN_CHANNEL_2: [2..63] - IO_CAN_CHANNEL_3 .. IO_CAN_CHANNEL_6: [2..24]'}, {'id_format': 'Format of message identifier, one of: - IO_CAN_STD_FRAME, - IO_CAN_EXT_FRAME'}, {'id': 'CAN message identifier - 0..0x7FF for IO_CAN_STD_FRAME - 0..0x1FFFFFFF for IO_CAN_EXT_FRAME'}, {'ac_mask': 'CAN acceptance mask. Refer to Usage of the acceptance mask"" for further details. - 0..0x7FF for IO_CAN_STD_FRAME - 0..0x1FFFFFFF for IO_CAN_EXT_FRAME'}]</table_34>"
What is the `id_format` parameter used for in CAN message configuration?,"The `id_format` parameter specifies the format of the message identifier and can be either IO_CAN_STD_FRAME or IO_CAN_EXT_FRAME.

Here is the relevant table:
<table_34>[{'Parameters out': 'handle'}, {'------------------': '-----------------------------------------------------------------------------------------------------------------------------------------------------------'}, {'channel': 'CAN channel, one of: - IO_CAN_CHANNEL_0 - IO_CAN_CHANNEL_1 - IO_CAN_CHANNEL_2 - IO_CAN_CHANNEL_3 - IO_CAN_CHANNEL_4 - IO_CAN_CHANNEL_5 - IO_CAN_CHANNEL_6'}, {'size': 'Size of the FIFO buffer: - IO_CAN_CHANNEL_0 .. IO_CAN_CHANNEL_2: [2..63] - IO_CAN_CHANNEL_3 .. IO_CAN_CHANNEL_6: [2..24]'}, {'id_format': 'Format of message identifier, one of: - IO_CAN_STD_FRAME, - IO_CAN_EXT_FRAME'}, {'id': 'CAN message identifier - 0..0x7FF for IO_CAN_STD_FRAME - 0..0x1FFFFFFF for IO_CAN_EXT_FRAME'}, {'ac_mask': 'CAN acceptance mask. Refer to Usage of the acceptance mask"" for further details. - 0..0x7FF for IO_CAN_STD_FRAME - 0..0x1FFFFFFF for IO_CAN_EXT_FRAME'}]</table_34>"
What are the internal pin aliases for `Pin 103` and `Pin 127`?,"The internal pin alias for `Pin 103` is `IO_ADC_00` and `IO_DI_48`. The internal pin alias for `Pin 127` is `IO_ADC_01` and `IO_DI_49`.

Here is the relevant table:

<table_128>[{'This header file contains pin definitions for the I/O driver, and aliases for the pins. Connector Internal Pin aliases pin pin number': '.'}, {'---------': '-----', '-----------': '-----------'}, {'Pin 103': '0', 'IO_ADC_00': 'IO_DI_48'}, {'Pin 127': '1', 'IO_ADC_01': 'IO_DI_49'}, {'Pin 104': '2', 'IO_ADC_02': 'IO_DI_50'}, {'Pin 128': '3', 'IO_ADC_03': 'IO_DI_51'}, {'Pin 105': '4', 'IO_ADC_04': 'IO_DI_52'}, {'Pin 129': '5', 'IO_ADC_05': 'IO_DI_53'}, {'Pin 106': '6', 'IO_ADC_06': 'IO_DI_54'}, {'Pin 130': '7', 'IO_ADC_07': 'IO_DI_55'}, {'Pin 107': '8', 'IO_ADC_08': 'IO_DI_56'}, {'Pin 131': '9', 'IO_ADC_09': 'IO_DI_57'}, {'Pin 108': '10', 'IO_ADC_10': 'IO_DI_58'}, {'Pin 132': '11', 'IO_ADC_11': 'IO_DI_59'}, {'Pin 109': '12', 'IO_ADC_12': 'IO_DI_60'}, {'Pin 133': '13', 'IO_ADC_13': 'IO_DI_61'}, {'Pin 110': '14', 'IO_ADC_14': 'IO_DI_62'}, {'Pin 134': '15', 'IO_ADC_15': 'IO_DI_63'}, {'Pin 111': '16', 'IO_ADC_16': 'IO_DI_64'}, {'Pin 135': '17', 'IO_ADC_17': 'IO_DI_65'}, {'Pin 112': '18', 'IO_ADC_18': 'IO_DI_66'}, {'Pin 136': '19', 'IO_ADC_19': 'IO_DI_67'}, {'Pin 113': '20', 'IO_ADC_20': 'IO_DI_68'}, {'Pin 137': '21', 'IO_ADC_21': 'IO_DI_69'}, {'Pin 114': '22', 'IO_ADC_22': 'IO_DI_70'}, {'Pin 138': '23', 'IO_ADC_23': 'IO_DI_71'}, {'Pin 115': '24', 'IO_PWD_00': 'IO_ADC_24'}, {'Pin 139': '25', 'IO_PWD_01': 'IO_ADC_25'}, {'Pin 116': '26', 'IO_PWD_02': 'IO_ADC_26'}, {'Pin 140': '27', 'IO_PWD_03': 'IO_ADC_27'}, {'Pin 117': '28', 'IO_PWD_04': 'IO_ADC_28'}, {'Pin 141': '29', 'IO_PWD_05': 'IO_ADC_29'}, {'Pin 122': '30', 'IO_PWD_06': 'IO_ADC_30'}, {'Pin 146': '31', 'IO_PWD_07': 'IO_ADC_31'}, {'Pin 123': '32', 'IO_PWD_08': 'IO_ADC_32'}, {'Pin 147': '33', 'IO_PWD_09': 'IO_ADC_33'}, {'Pin 124': '34', 'IO_PWD_10': 'IO_ADC_34'}, {'Pin 148': '35', 'IO_PWD_11': 'IO_ADC_35'}, {'Pin 149': '36', 'IO_DO_00': 'IO_ADC_36'}, {'Pin 173': '37', 'IO_DO_01': 'IO_ADC_37'}, {'Pin 152': '38', 'IO_DO_02': 'IO_ADC_38'}, {'Pin 176': '39', 'IO_DO_03': 'IO_ADC_39'}]</table_128>"
Which pins are associated with the aliases `IO_PWD_00` and `IO_DO_00`?,"The alias `IO_PWD_00` is associated with `Pin 115` and `IO_ADC_24`, while the alias `IO_DO_00` is associated with `Pin 149` and `IO_ADC_36`.

Here is the relevant table:

<table_128>[{'This header file contains pin definitions for the I/O driver, and aliases for the pins. Connector Internal Pin aliases pin pin number': '.'}, {'---------': '-----', '-----------': '-----------'}, {'Pin 103': '0', 'IO_ADC_00': 'IO_DI_48'}, {'Pin 127': '1', 'IO_ADC_01': 'IO_DI_49'}, {'Pin 104': '2', 'IO_ADC_02': 'IO_DI_50'}, {'Pin 128': '3', 'IO_ADC_03': 'IO_DI_51'}, {'Pin 105': '4', 'IO_ADC_04': 'IO_DI_52'}, {'Pin 129': '5', 'IO_ADC_05': 'IO_DI_53'}, {'Pin 106': '6', 'IO_ADC_06': 'IO_DI_54'}, {'Pin 130': '7', 'IO_ADC_07': 'IO_DI_55'}, {'Pin 107': '8', 'IO_ADC_08': 'IO_DI_56'}, {'Pin 131': '9', 'IO_ADC_09': 'IO_DI_57'}, {'Pin 108': '10', 'IO_ADC_10': 'IO_DI_58'}, {'Pin 132': '11', 'IO_ADC_11': 'IO_DI_59'}, {'Pin 109': '12', 'IO_ADC_12': 'IO_DI_60'}, {'Pin 133': '13', 'IO_ADC_13': 'IO_DI_61'}, {'Pin 110': '14', 'IO_ADC_14': 'IO_DI_62'}, {'Pin 134': '15', 'IO_ADC_15': 'IO_DI_63'}, {'Pin 111': '16', 'IO_ADC_16': 'IO_DI_64'}, {'Pin 135': '17', 'IO_ADC_17': 'IO_DI_65'}, {'Pin 112': '18', 'IO_ADC_18': 'IO_DI_66'}, {'Pin 136': '19', 'IO_ADC_19': 'IO_DI_67'}, {'Pin 113': '20', 'IO_ADC_20': 'IO_DI_68'}, {'Pin 137': '21', 'IO_ADC_21': 'IO_DI_69'}, {'Pin 114': '22', 'IO_ADC_22': 'IO_DI_70'}, {'Pin 138': '23', 'IO_ADC_23': 'IO_DI_71'}, {'Pin 115': '24', 'IO_PWD_00': 'IO_ADC_24'}, {'Pin 139': '25', 'IO_PWD_01': 'IO_ADC_25'}, {'Pin 116': '26', 'IO_PWD_02': 'IO_ADC_26'}, {'Pin 140': '27', 'IO_PWD_03': 'IO_ADC_27'}, {'Pin 117': '28', 'IO_PWD_04': 'IO_ADC_28'}, {'Pin 141': '29', 'IO_PWD_05': 'IO_ADC_29'}, {'Pin 122': '30', 'IO_PWD_06': 'IO_ADC_30'}, {'Pin 146': '31', 'IO_PWD_07': 'IO_ADC_31'}, {'Pin 123': '32', 'IO_PWD_08': 'IO_ADC_32'}, {'Pin 147': '33', 'IO_PWD_09': 'IO_ADC_33'}, {'Pin 124': '34', 'IO_PWD_10': 'IO_ADC_34'}, {'Pin 148': '35', 'IO_PWD_11': 'IO_ADC_35'}, {'Pin 149': '36', 'IO_DO_00': 'IO_ADC_36'}, {'Pin 173': '37', 'IO_DO_01': 'IO_ADC_37'}, {'Pin 152': '38', 'IO_DO_02': 'IO_ADC_38'}, {'Pin 176': '39', 'IO_DO_03': 'IO_ADC_39'}]</table_128>"
Which CPU is used in the HY-TTC 580 and HY-TTC 540?,"The HY-TTC 580 and HY-TTC 540 both use the 32-bit TI TMS570 CPU.

Here is the relevant table:
<table_11>[{'Feature': 'HY-TTC 580', 'HY-TTC 540': 'HY-TTC 520', 'HY-TTC 510': 'HY-TTC 590E', 'HY-TTC 590': 'HY-TTC 508'}, {'------------------------------------------------------------': '-----------------------', '--------------': '--------------'}, {'CPU': '32-bit TI TMS570', 'x': 'x'}, {'Int. FLASH': '3 MB', '3 MB': '3 MB'}, {'Int. RAM': '256 kB', '256 kB': '256 kB'}, {'Memory': 'Ext. FLASH', '8 MB': '-', '-': '-', '64 MB': '32 MB'}, {'Ext. RAM': '2 MB', '2 MB': '2 MB'}, {'Ext. EEPROM': '64 kB', '64 kB': '-', '-': '64 kB'}, {'Ext. FRAM': '-', '-': '32 kB', '32 kB': '-'}, {'Interface': 'CAN', '7': '7', '4': '3'}, {'CAN1 is ISOBUS Compliance': '-', '-': 'x', 'x': 'x'}, {'CAN bus termination': '4', '4': '3', '3': '4'}, {'Ethernet': '1', '-': '-'}, {'100BASE-T1 Ethernet': '-', '-': '1', '1': '1'}, {'LIN': '1', '-': '-', '1': '-'}, {'RS232': '1', '-': '1', '1': '-'}, {'Real time clock': '1', '-': '1', '1': '1'}, {'Outputs': 'High-Side PWM with CM', '36': '36', '18': '16'}, {'High-Side digital': '8', '8': '8'}, {'High-Side digital, PVG, VOUT': '8', '-': '-', '8': '6'}, {'Low-Side digital': '8', '8': '8'}, {'Inputs Analog input 3 modes (V)(I)(R)': '8', '8': '8'}, {'Analog input 2 modes (V)(I)': '16', '16': '16'}, {'Analog input (V)': '-', '8': '-', '-': '-'}, {'Timer input': '12', '20': '12', '12': '20'}, {'Terminal 15': '1', '1': '1'}, {'Wake-Up': '1', '1': '1'}, {'Sensor supply': '+5V/500mA', '2': '2'}, {'+5-10V/2.5W': '1', '1': '-'}, {'Safety Switch Nr. of secondary shut-off path': '3', '2': '3', '3': '2'}]</table_11>"
How much internal RAM does the HY-TTC 510 and HY-TTC 520 have?,"Both the HY-TTC 510 and HY-TTC 520 have 256 kB of internal RAM.

Here is the relevant table:
<table_11>[{'Feature': 'HY-TTC 580', 'HY-TTC 540': 'HY-TTC 520', 'HY-TTC 510': 'HY-TTC 590E', 'HY-TTC 590': 'HY-TTC 508'}, {'------------------------------------------------------------': '-----------------------', '--------------': '--------------'}, {'CPU': '32-bit TI TMS570', 'x': 'x'}, {'Int. FLASH': '3 MB', '3 MB': '3 MB'}, {'Int. RAM': '256 kB', '256 kB': '256 kB'}, {'Memory': 'Ext. FLASH', '8 MB': '-', '-': '-', '64 MB': '32 MB'}, {'Ext. RAM': '2 MB', '2 MB': '2 MB'}, {'Ext. EEPROM': '64 kB', '64 kB': '-', '-': '64 kB'}, {'Ext. FRAM': '-', '-': '32 kB', '32 kB': '-'}, {'Interface': 'CAN', '7': '7', '4': '3'}, {'CAN1 is ISOBUS Compliance': '-', '-': 'x', 'x': 'x'}, {'CAN bus termination': '4', '4': '3', '3': '4'}, {'Ethernet': '1', '-': '-'}, {'100BASE-T1 Ethernet': '-', '-': '1', '1': '1'}, {'LIN': '1', '-': '-', '1': '-'}, {'RS232': '1', '-': '1', '1': '-'}, {'Real time clock': '1', '-': '1', '1': '1'}, {'Outputs': 'High-Side PWM with CM', '36': '36', '18': '16'}, {'High-Side digital': '8', '8': '8'}, {'High-Side digital, PVG, VOUT': '8', '-': '-', '8': '6'}, {'Low-Side digital': '8', '8': '8'}, {'Inputs Analog input 3 modes (V)(I)(R)': '8', '8': '8'}, {'Analog input 2 modes (V)(I)': '16', '16': '16'}, {'Analog input (V)': '-', '8': '-', '-': '-'}, {'Timer input': '12', '20': '12', '12': '20'}, {'Terminal 15': '1', '1': '1'}, {'Wake-Up': '1', '1': '1'}, {'Sensor supply': '+5V/500mA', '2': '2'}, {'+5-10V/2.5W': '1', '1': '-'}, {'Safety Switch Nr. of secondary shut-off path': '3', '2': '3', '3': '2'}]</table_11>"
Which HY-TTC variants have 64 kB of external EEPROM?,"The HY-TTC 580, HY-TTC 590E, and HY-TTC 590 have 64 kB of external EEPROM.

Here is the relevant table:
<table_11>[{'Feature': 'HY-TTC 580', 'HY-TTC 540': 'HY-TTC 520', 'HY-TTC 510': 'HY-TTC 590E', 'HY-TTC 590': 'HY-TTC 508'}, {'------------------------------------------------------------': '-----------------------', '--------------': '--------------'}, {'CPU': '32-bit TI TMS570', 'x': 'x'}, {'Int. FLASH': '3 MB', '3 MB': '3 MB'}, {'Int. RAM': '256 kB', '256 kB': '256 kB'}, {'Memory': 'Ext. FLASH', '8 MB': '-', '-': '-', '64 MB': '32 MB'}, {'Ext. RAM': '2 MB', '2 MB': '2 MB'}, {'Ext. EEPROM': '64 kB', '64 kB': '-', '-': '64 kB'}, {'Ext. FRAM': '-', '-': '32 kB', '32 kB': '-'}, {'Interface': 'CAN', '7': '7', '4': '3'}, {'CAN1 is ISOBUS Compliance': '-', '-': 'x', 'x': 'x'}, {'CAN bus termination': '4', '4': '3', '3': '4'}, {'Ethernet': '1', '-': '-'}, {'100BASE-T1 Ethernet': '-', '-': '1', '1': '1'}, {'LIN': '1', '-': '-', '1': '-'}, {'RS232': '1', '-': '1', '1': '-'}, {'Real time clock': '1', '-': '1', '1': '1'}, {'Outputs': 'High-Side PWM with CM', '36': '36', '18': '16'}, {'High-Side digital': '8', '8': '8'}, {'High-Side digital, PVG, VOUT': '8', '-': '-', '8': '6'}, {'Low-Side digital': '8', '8': '8'}, {'Inputs Analog input 3 modes (V)(I)(R)': '8', '8': '8'}, {'Analog input 2 modes (V)(I)': '16', '16': '16'}, {'Analog input (V)': '-', '8': '-', '-': '-'}, {'Timer input': '12', '20': '12', '12': '20'}, {'Terminal 15': '1', '1': '1'}, {'Wake-Up': '1', '1': '1'}, {'Sensor supply': '+5V/500mA', '2': '2'}, {'+5-10V/2.5W': '1', '1': '-'}, {'Safety Switch Nr. of secondary shut-off path': '3', '2': '3', '3': '2'}]</table_11>"
How many CAN interfaces are available on the HY-TTC 580 and HY-TTC 540?,"Both the HY-TTC 580 and HY-TTC 540 have 7 CAN interfaces.

Here is the relevant table:
<table_11>[{'Feature': 'HY-TTC 580', 'HY-TTC 540': 'HY-TTC 520', 'HY-TTC 510': 'HY-TTC 590E', 'HY-TTC 590': 'HY-TTC 508'}, {'------------------------------------------------------------': '-----------------------', '--------------': '--------------'}, {'CPU': '32-bit TI TMS570', 'x': 'x'}, {'Int. FLASH': '3 MB', '3 MB': '3 MB'}, {'Int. RAM': '256 kB', '256 kB': '256 kB'}, {'Memory': 'Ext. FLASH', '8 MB': '-', '-': '-', '64 MB': '32 MB'}, {'Ext. RAM': '2 MB', '2 MB': '2 MB'}, {'Ext. EEPROM': '64 kB', '64 kB': '-', '-': '64 kB'}, {'Ext. FRAM': '-', '-': '32 kB', '32 kB': '-'}, {'Interface': 'CAN', '7': '7', '4': '3'}, {'CAN1 is ISOBUS Compliance': '-', '-': 'x', 'x': 'x'}, {'CAN bus termination': '4', '4': '3', '3': '4'}, {'Ethernet': '1', '-': '-'}, {'100BASE-T1 Ethernet': '-', '-': '1', '1': '1'}, {'LIN': '1', '-': '-', '1': '-'}, {'RS232': '1', '-': '1', '1': '-'}, {'Real time clock': '1', '-': '1', '1': '1'}, {'Outputs': 'High-Side PWM with CM', '36': '36', '18': '16'}, {'High-Side digital': '8', '8': '8'}, {'High-Side digital, PVG, VOUT': '8', '-': '-', '8': '6'}, {'Low-Side digital': '8', '8': '8'}, {'Inputs Analog input 3 modes (V)(I)(R)': '8', '8': '8'}, {'Analog input 2 modes (V)(I)': '16', '16': '16'}, {'Analog input (V)': '-', '8': '-', '-': '-'}, {'Timer input': '12', '20': '12', '12': '20'}, {'Terminal 15': '1', '1': '1'}, {'Wake-Up': '1', '1': '1'}, {'Sensor supply': '+5V/500mA', '2': '2'}, {'+5-10V/2.5W': '1', '1': '-'}, {'Safety Switch Nr. of secondary shut-off path': '3', '2': '3', '3': '2'}]</table_11>"
Which HY-TTC variant includes a 100BASE-T1 Ethernet interface?,"The HY-TTC 520, HY-TTC 590E, and HY-TTC 590 include a 100BASE-T1 Ethernet interface.

Here is the relevant table:
<table_11>[{'Feature': 'HY-TTC 580', 'HY-TTC 540': 'HY-TTC 520', 'HY-TTC 510': 'HY-TTC 590E', 'HY-TTC 590': 'HY-TTC 508'}, {'------------------------------------------------------------': '-----------------------', '--------------': '--------------'}, {'CPU': '32-bit TI TMS570', 'x': 'x'}, {'Int. FLASH': '3 MB', '3 MB': '3 MB'}, {'Int. RAM': '256 kB', '256 kB': '256 kB'}, {'Memory': 'Ext. FLASH', '8 MB': '-', '-': '-', '64 MB': '32 MB'}, {'Ext. RAM': '2 MB', '2 MB': '2 MB'}, {'Ext. EEPROM': '64 kB', '64 kB': '-', '-': '64 kB'}, {'Ext. FRAM': '-', '-': '32 kB', '32 kB': '-'}, {'Interface': 'CAN', '7': '7', '4': '3'}, {'CAN1 is ISOBUS Compliance': '-', '-': 'x', 'x': 'x'}, {'CAN bus termination': '4', '4': '3', '3': '4'}, {'Ethernet': '1', '-': '-'}, {'100BASE-T1 Ethernet': '-', '-': '1', '1': '1'}, {'LIN': '1', '-': '-', '1': '-'}, {'RS232': '1', '-': '1', '1': '-'}, {'Real time clock': '1', '-': '1', '1': '1'}, {'Outputs': 'High-Side PWM with CM', '36': '36', '18': '16'}, {'High-Side digital': '8', '8': '8'}, {'High-Side digital, PVG, VOUT': '8', '-': '-', '8': '6'}, {'Low-Side digital': '8', '8': '8'}, {'Inputs Analog input 3 modes (V)(I)(R)': '8', '8': '8'}, {'Analog input 2 modes (V)(I)': '16', '16': '16'}, {'Analog input (V)': '-', '8': '-', '-': '-'}, {'Timer input': '12', '20': '12', '12': '20'}, {'Terminal 15': '1', '1': '1'}, {'Wake-Up': '1', '1': '1'}, {'Sensor supply': '+5V/500mA', '2': '2'}, {'+5-10V/2.5W': '1', '1': '-'}, {'Safety Switch Nr. of secondary shut-off path': '3', '2': '3', '3': '2'}]</table_11>"
How many high-side PWM with CM outputs does the HY-TTC 508 have?,"The HY-TTC 508 has 16 high-side PWM with CM outputs.

Here is the relevant table:
<table_11>[{'Feature': 'HY-TTC 580', 'HY-TTC 540': 'HY-TTC 520', 'HY-TTC 510': 'HY-TTC 590E', 'HY-TTC 590': 'HY-TTC 508'}, {'------------------------------------------------------------': '-----------------------', '--------------': '--------------'}, {'CPU': '32-bit TI TMS570', 'x': 'x'}, {'Int. FLASH': '3 MB', '3 MB': '3 MB'}, {'Int. RAM': '256 kB', '256 kB': '256 kB'}, {'Memory': 'Ext. FLASH', '8 MB': '-', '-': '-', '64 MB': '32 MB'}, {'Ext. RAM': '2 MB', '2 MB': '2 MB'}, {'Ext. EEPROM': '64 kB', '64 kB': '-', '-': '64 kB'}, {'Ext. FRAM': '-', '-': '32 kB', '32 kB': '-'}, {'Interface': 'CAN', '7': '7', '4': '3'}, {'CAN1 is ISOBUS Compliance': '-', '-': 'x', 'x': 'x'}, {'CAN bus termination': '4', '4': '3', '3': '4'}, {'Ethernet': '1', '-': '-'}, {'100BASE-T1 Ethernet': '-', '-': '1', '1': '1'}, {'LIN': '1', '-': '-', '1': '-'}, {'RS232': '1', '-': '1', '1': '-'}, {'Real time clock': '1', '-': '1', '1': '1'}, {'Outputs': 'High-Side PWM with CM', '36': '36', '18': '16'}, {'High-Side digital': '8', '8': '8'}, {'High-Side digital, PVG, VOUT': '8', '-': '-', '8': '6'}, {'Low-Side digital': '8', '8': '8'}, {'Inputs Analog input 3 modes (V)(I)(R)': '8', '8': '8'}, {'Analog input 2 modes (V)(I)': '16', '16': '16'}, {'Analog input (V)': '-', '8': '-', '-': '-'}, {'Timer input': '12', '20': '12', '12': '20'}, {'Terminal 15': '1', '1': '1'}, {'Wake-Up': '1', '1': '1'}, {'Sensor supply': '+5V/500mA', '2': '2'}, {'+5-10V/2.5W': '1', '1': '-'}, {'Safety Switch Nr. of secondary shut-off path': '3', '2': '3', '3': '2'}]</table_11>"
What is the external FLASH memory size of the HY-TTC 590E?,"The HY-TTC 590E has 64 MB of external FLASH memory.

Here is the relevant table:
<table_11>[{'Feature': 'HY-TTC 580', 'HY-TTC 540': 'HY-TTC 520', 'HY-TTC 510': 'HY-TTC 590E', 'HY-TTC 590': 'HY-TTC 508'}, {'------------------------------------------------------------': '-----------------------', '--------------': '--------------'}, {'CPU': '32-bit TI TMS570', 'x': 'x'}, {'Int. FLASH': '3 MB', '3 MB': '3 MB'}, {'Int. RAM': '256 kB', '256 kB': '256 kB'}, {'Memory': 'Ext. FLASH', '8 MB': '-', '-': '-', '64 MB': '32 MB'}, {'Ext. RAM': '2 MB', '2 MB': '2 MB'}, {'Ext. EEPROM': '64 kB', '64 kB': '-', '-': '64 kB'}, {'Ext. FRAM': '-', '-': '32 kB', '32 kB': '-'}, {'Interface': 'CAN', '7': '7', '4': '3'}, {'CAN1 is ISOBUS Compliance': '-', '-': 'x', 'x': 'x'}, {'CAN bus termination': '4', '4': '3', '3': '4'}, {'Ethernet': '1', '-': '-'}, {'100BASE-T1 Ethernet': '-', '-': '1', '1': '1'}, {'LIN': '1', '-': '-', '1': '-'}, {'RS232': '1', '-': '1', '1': '-'}, {'Real time clock': '1', '-': '1', '1': '1'}, {'Outputs': 'High-Side PWM with CM', '36': '36', '18': '16'}, {'High-Side digital': '8', '8': '8'}, {'High-Side digital, PVG, VOUT': '8', '-': '-', '8': '6'}, {'Low-Side digital': '8', '8': '8'}, {'Inputs Analog input 3 modes (V)(I)(R)': '8', '8': '8'}, {'Analog input 2 modes (V)(I)': '16', '16': '16'}, {'Analog input (V)': '-', '8': '-', '-': '-'}, {'Timer input': '12', '20': '12', '12': '20'}, {'Terminal 15': '1', '1': '1'}, {'Wake-Up': '1', '1': '1'}, {'Sensor supply': '+5V/500mA', '2': '2'}, {'+5-10V/2.5W': '1', '1': '-'}, {'Safety Switch Nr. of secondary shut-off path': '3', '2': '3', '3': '2'}]</table_11>"
How many secondary shut-off paths are there in the HY-TTC 580 and HY-TTC 590?,"The HY-TTC 580 and HY-TTC 590 both have 3 secondary shut-off paths.

Here is the relevant table:
<table_11>[{'Feature': 'HY-TTC 580', 'HY-TTC 540': 'HY-TTC 520', 'HY-TTC 510': 'HY-TTC 590E', 'HY-TTC 590': 'HY-TTC 508'}, {'------------------------------------------------------------': '-----------------------', '--------------': '--------------'}, {'CPU': '32-bit TI TMS570', 'x': 'x'}, {'Int. FLASH': '3 MB', '3 MB': '3 MB'}, {'Int. RAM': '256 kB', '256 kB': '256 kB'}, {'Memory': 'Ext. FLASH', '8 MB': '-', '-': '-', '64 MB': '32 MB'}, {'Ext. RAM': '2 MB', '2 MB': '2 MB'}, {'Ext. EEPROM': '64 kB', '64 kB': '-', '-': '64 kB'}, {'Ext. FRAM': '-', '-': '32 kB', '32 kB': '-'}, {'Interface': 'CAN', '7': '7', '4': '3'}, {'CAN1 is ISOBUS Compliance': '-', '-': 'x', 'x': 'x'}, {'CAN bus termination': '4', '4': '3', '3': '4'}, {'Ethernet': '1', '-': '-'}, {'100BASE-T1 Ethernet': '-', '-': '1', '1': '1'}, {'LIN': '1', '-': '-', '1': '-'}, {'RS232': '1', '-': '1', '1': '-'}, {'Real time clock': '1', '-': '1', '1': '1'}, {'Outputs': 'High-Side PWM with CM', '36': '36', '18': '16'}, {'High-Side digital': '8', '8': '8'}, {'High-Side digital, PVG, VOUT': '8', '-': '-', '8': '6'}, {'Low-Side digital': '8', '8': '8'}, {'Inputs Analog input 3 modes (V)(I)(R)': '8', '8': '8'}, {'Analog input 2 modes (V)(I)': '16', '16': '16'}, {'Analog input (V)': '-', '8': '-', '-': '-'}, {'Timer input': '12', '20': '12', '12': '20'}, {'Terminal 15': '1', '1': '1'}, {'Wake-Up': '1', '1': '1'}, {'Sensor supply': '+5V/500mA', '2': '2'}, {'+5-10V/2.5W': '1', '1': '-'}, {'Safety Switch Nr. of secondary shut-off path': '3', '2': '3', '3': '2'}]</table_11>"
What are the memory specifications and data retention characteristics for the various types of memory in the HY-TTC 500 series?,"The memory specifications and data retention characteristics for the HY-TTC 500 series are as follows:
- **External EEPROM:** 64 kB, more than 1,000,000 write cycles, more than 40-year data retention.
- **External Flash:** 8 MB, more than 100,000 write/erase cycles per block, more than 20-year data retention.
- **Internal Flash:** 3 MB Program Flash, more than 1000 write/erase cycles, more than 15-year data retention.
- **Configuration Flash:** 64 kB, more than 100,000 write/erase cycles, more than 15-year data retention.
- **External SRAM:** 2 MB.
- **Internal SRAM:** 256 kB.

Here is the relevant table:
<table_14>[{'External EEPROM': '64 kB More than 1,000,000 write cycles. More than 40-year data retention.'}, {'---------------------': '------------------------------------------------------------------------------------------'}, {'External Flash': '8 MB More than 100,000 write/erase cycles per block. More than 20-year data retention.'}, {'Internal Flash': '3 MB Program Flash. More than 1000 write/erase cycles. More than 15-year data retention.'}, {'Configuration Flash': '64 kB More than 100,000 write/erase cycles. More than 15-year data retention.'}, {'External SRAM': '2 MB'}, {'Internal SRAM': '256 kB'}]</table_14>"
"What chemical agents are used to test the HY-TTC 500 according to IEC 16750-5:2010, and what are some examples?","The chemical agents used to test the HY-TTC 500 according to IEC 16750-5:2010 include a variety of fuels, oils, fluids, cleaners, and other substances. Examples include:
- Diesel fuel (ID: AA)
- ""Bio"" diesel (ID: AB)
- Petrol/gasoline unleaded (ID: AC)
- Methanol (ID: AE)
- Engine oil (ID: BA)
- Differential oil (ID: BB)
- Transmission fluid (ID: BC)
- Hydraulic fluid (ID: BD)
- Battery fluid (ID: CA)
- Brake fluid (ID: CB)
- Antifreeze fluid (ID: CC)
- Windscreen washer fluid (ID: DA)
- Vehicle washing chemicals (ID: DB)
- Interior cleaner (ID: DC)
- Glass cleaner (ID: DD)
- Wheel cleaner (ID: DE)
- Cold cleaning agent (ID: DF)
- Denatured alcohol (ID: DK)
- Refreshment containing caffeine and sugar (ID: ED)
- Gasoline with 15% methanol (ID: YYA)
- FAM test fuel (ID: YYB)

Here is the relevant table:

<table_43>[{'ID': 'Chemical Agent'}, {'------': '-------------------------------------------'}, {'AA': 'Diesel fuel'}, {'AB': '""Bio"" diesel'}, {'AC': 'Petrol/gasoline unleaded'}, {'AE': 'Methanol'}, {'BA': 'Engine oil'}, {'BB': 'Differential oil'}, {'BC': 'Transmission fluid'}, {'BD': 'Hydraulic fluid'}, {'CA': 'Battery fluid'}, {'CB': 'Brake fluid'}, {'CC': 'Antifreeze fluid'}, {'CE': 'Cavity prodection'}, {'CF': 'Protective lacquer'}, {'CG': 'Protective lacquer remover'}, {'DA': 'Windscreen washer fluid'}, {'DB': 'Vehicle washing chemicals'}, {'DC': 'Interior cleaner'}, {'DD': 'Glass cleaner'}, {'DE': 'Wheel cleaner'}, {'DF': 'Cold cleaning agent'}, {'DK': 'Denatured alcohol'}, {'ED': 'Refreshment containing caffeine and sugar'}, {'YYA': 'Gasoline with 15% methanol'}, {'YYB': 'FAM test fuel'}]</table_43>"
"What are the part numbers and descriptions of components for KOSTAL and HERTH+BUSS, and what are their respective notes?","The part numbers and descriptions of components for KOSTAL and HERTH+BUSS along with their respective notes are as follows:
- Plug housing: KOSTAL Part Number 9409601, HERTH+BUSS Part Number 50390395, Note: 1
- Holder: KOSTAL Part Number 10400794061, HERTH+BUSS Part Number 50390397, Note: 1
- Secondary lock: KOSTAL Part Number 10400794071, HERTH+BUSS Part Number 50390398, Note: 1
- Cover cap (cable exit on the left side): KOSTAL Part Number 22400794081, HERTH+BUSS Part Number 50390399, Note: 1
- Cover cap (cable exit on the upper right side): KOSTAL Part Number 22400172011, HERTH+BUSS Part Number 50390567, Note: 1
- Sealing-/protection plug: KOSTAL Part Number 10800794051, HERTH+BUSS Part Number 50282066, Note: 1
- Sealing-/protection plug: KOSTAL Part Number 10204225, HERTH+BUSS Part Number 50282099, Note: 1

Here is the relevant table:
<table_46>[{'KOSTAL': 'HERTH+BUSS', 'Description': 'Note'}, {'----------------': '--------------', '------------------------------------------------': '--------'}, {'Part Number': 'Part Number'}, {'9409601': '50390395', 'Plug housing': '1'}, {'10400794061': '50390397', 'Holder': '1'}, {'10400794071': '50390398', 'Secondary lock': '1'}, {'22400794081': '50390399', 'Cover cap (cable exit on the left side)': '1'}, {'22400172011': '50390567', 'Cover cap (cable exit on the upper right side)': '1'}, {'10800794051': '50282066', 'Sealing-/protection plug': '1'}, {'10204225': '50282099', 'Sealing-/protection plug': '1'}]</table_46>"
"What is the main function of pin P101, and what are its alternative functions?","The main function of pin P101 is HS PWM Output. Its alternative functions include:
- HS Digital Output: IO_DO_44
- Timer Input: IO_PWD_12
- PVG Output: IO_PWM_28
- VOUT Output: IO_DI_28

Here is the relevant table:
<table_56>[{'HS Digital Output': 'Timer Input', 'PVG Output': 'VOUT Output', 'A/D Input (HS Output/PVG/VOUT)': 'Current Loop Input', 'A/D Input (Timer Input)': 'A/D Input (HS Digital Output)', 'A/D Input (LS Digital Output)': 'Analog Current Input 2M', 'Digital Input 2M': 'Analog Current Input 3M', 'Analog Resistance Input 3M': 'Digital Input 3M'}, {'---------------------': '--------------------------------', '--------------': '---------------', '----------------------------------': '----------------------', '---------------------------': '---------------------------------', '---------------------------------': '---------------------------', '--------------------': '---------------------------', '------------------------------': '--------------------'}, {'Pin No.': 'Main Function'}, {'P101': 'HS PWM Output', 'IO_DO_44': 'IO_PWD_12'}, {'IO_PWM_28': 'IO_DI_28'}, {'P102': 'HS PWM Output', 'IO_DO_48': 'IO_PWD_16'}, {'IO_PWM_32': 'IO_DI_32', 'IO_ADC_00': 'IO_ADC_00'}, {'P103': 'Analog Voltage Input IO_ADC_00'}, {'P104': 'Analog Voltage Input', 'IO_ADC_02': 'IO_ADC_02'}, {'P105': 'Analog Voltage Input', 'IO_ADC_04': 'IO_ADC_04'}, {'P106': 'Analog Voltage Input', 'IO_ADC_06': 'IO_ADC_06'}, {'P107': 'Analog Voltage Input', 'IO_ADC_08': 'IO_DI_56'}, {'P108': 'Analog Voltage Input', 'IO_ADC_10': 'IO_DI_58'}, {'P109': 'Analog Voltage Input', 'IO_ADC_12': 'IO_DI_60'}, {'P110': 'Analog Voltage Input', 'IO_ADC_14': 'IO_DI_62'}, {'P111': 'Analog Voltage Input', 'IO_ADC_16': 'IO_DI_64'}, {'P112': 'Analog Voltage Input', 'IO_ADC_18': 'IO_DI_66'}, {'P113': 'Analog Voltage Input', 'IO_ADC_20': 'IO_DI_68'}, {'P114': 'Analog Voltage Input', 'IO_ADC_22': 'IO_DI_70'}, {'P115': 'Timer Input', 'IO_PWD_00': 'IO_ADC_24'}, {'IO_PWD_00': 'IO_DI_36'}, {'P116': 'Timer Input', 'IO_PWD_02': 'IO_ADC_26'}, {'IO_PWD_02': 'IO_DI_38'}, {'P117': 'Timer Input', 'IO_PWD_04': 'IO_ADC_28'}, {'IO_PWD_04': 'IO_DI_40'}, {'P118': 'BAT'}, {'P119': 'BAT'}, {'P120': 'BAT'}, {'P121': 'BAT'}, {'P122': 'Timer Input'}, {'IO_PWD_06': 'IO_DI_42'}, {'P123': 'Timer Input'}, {'IO_PWD_08': 'IO_DI_44'}]</table_56>"
"What is the main function of pin P103, and what is its alternative function?","The main function of pin P103 is Analog Voltage Input (IO_ADC_00). It does not have any specified alternative function in the provided table.

Here is the relevant table:
<table_56>[{'HS Digital Output': 'Timer Input', 'PVG Output': 'VOUT Output', 'A/D Input (HS Output/PVG/VOUT)': 'Current Loop Input', 'A/D Input (Timer Input)': 'A/D Input (HS Digital Output)', 'A/D Input (LS Digital Output)': 'Analog Current Input 2M', 'Digital Input 2M': 'Analog Current Input 3M', 'Analog Resistance Input 3M': 'Digital Input 3M'}, {'---------------------': '--------------------------------', '--------------': '---------------', '----------------------------------': '----------------------', '---------------------------': '---------------------------------', '---------------------------------': '---------------------------', '--------------------': '---------------------------', '------------------------------': '--------------------'}, {'Pin No.': 'Main Function'}, {'P101': 'HS PWM Output', 'IO_DO_44': 'IO_PWD_12'}, {'IO_PWM_28': 'IO_DI_28'}, {'P102': 'HS PWM Output', 'IO_DO_48': 'IO_PWD_16'}, {'IO_PWM_32': 'IO_DI_32', 'IO_ADC_00': 'IO_ADC_00'}, {'P103': 'Analog Voltage Input IO_ADC_00'}, {'P104': 'Analog Voltage Input', 'IO_ADC_02': 'IO_ADC_02'}, {'P105': 'Analog Voltage Input', 'IO_ADC_04': 'IO_ADC_04'}, {'P106': 'Analog Voltage Input', 'IO_ADC_06': 'IO_ADC_06'}, {'P107': 'Analog Voltage Input', 'IO_ADC_08': 'IO_DI_56'}, {'P108': 'Analog Voltage Input', 'IO_ADC_10': 'IO_DI_58'}, {'P109': 'Analog Voltage Input', 'IO_ADC_12': 'IO_DI_60'}, {'P110': 'Analog Voltage Input', 'IO_ADC_14': 'IO_DI_62'}, {'P111': 'Analog Voltage Input', 'IO_ADC_16': 'IO_DI_64'}, {'P112': 'Analog Voltage Input', 'IO_ADC_18': 'IO_DI_66'}, {'P113': 'Analog Voltage Input', 'IO_ADC_20': 'IO_DI_68'}, {'P114': 'Analog Voltage Input', 'IO_ADC_22': 'IO_DI_70'}, {'P115': 'Timer Input', 'IO_PWD_00': 'IO_ADC_24'}, {'IO_PWD_00': 'IO_DI_36'}, {'P116': 'Timer Input', 'IO_PWD_02': 'IO_ADC_26'}, {'IO_PWD_02': 'IO_DI_38'}, {'P117': 'Timer Input', 'IO_PWD_04': 'IO_ADC_28'}, {'IO_PWD_04': 'IO_DI_40'}, {'P118': 'BAT'}, {'P119': 'BAT'}, {'P120': 'BAT'}, {'P121': 'BAT'}, {'P122': 'Timer Input'}, {'IO_PWD_06': 'IO_DI_42'}, {'P123': 'Timer Input'}, {'IO_PWD_08': 'IO_DI_44'}]</table_56>"
What are the main and alternative functions of pin P116?,"The main function of pin P116 is Timer Input. Its alternative functions include:
- Timer Input: IO_PWD_02
- A/D Input (Timer Input): IO_ADC_26
- Digital Input 2M: IO_DI_38

Here is the relevant table:
<table_56>[{'HS Digital Output': 'Timer Input', 'PVG Output': 'VOUT Output', 'A/D Input (HS Output/PVG/VOUT)': 'Current Loop Input', 'A/D Input (Timer Input)': 'A/D Input (HS Digital Output)', 'A/D Input (LS Digital Output)': 'Analog Current Input 2M', 'Digital Input 2M': 'Analog Current Input 3M', 'Analog Resistance Input 3M': 'Digital Input 3M'}, {'---------------------': '--------------------------------', '--------------': '---------------', '----------------------------------': '----------------------', '---------------------------': '---------------------------------', '---------------------------------': '---------------------------', '--------------------': '---------------------------', '------------------------------': '--------------------'}, {'Pin No.': 'Main Function'}, {'P101': 'HS PWM Output', 'IO_DO_44': 'IO_PWD_12'}, {'IO_PWM_28': 'IO_DI_28'}, {'P102': 'HS PWM Output', 'IO_DO_48': 'IO_PWD_16'}, {'IO_PWM_32': 'IO_DI_32', 'IO_ADC_00': 'IO_ADC_00'}, {'P103': 'Analog Voltage Input IO_ADC_00'}, {'P104': 'Analog Voltage Input', 'IO_ADC_02': 'IO_ADC_02'}, {'P105': 'Analog Voltage Input', 'IO_ADC_04': 'IO_ADC_04'}, {'P106': 'Analog Voltage Input', 'IO_ADC_06': 'IO_ADC_06'}, {'P107': 'Analog Voltage Input', 'IO_ADC_08': 'IO_DI_56'}, {'P108': 'Analog Voltage Input', 'IO_ADC_10': 'IO_DI_58'}, {'P109': 'Analog Voltage Input', 'IO_ADC_12': 'IO_DI_60'}, {'P110': 'Analog Voltage Input', 'IO_ADC_14': 'IO_DI_62'}, {'P111': 'Analog Voltage Input', 'IO_ADC_16': 'IO_DI_64'}, {'P112': 'Analog Voltage Input', 'IO_ADC_18': 'IO_DI_66'}, {'P113': 'Analog Voltage Input', 'IO_ADC_20': 'IO_DI_68'}, {'P114': 'Analog Voltage Input', 'IO_ADC_22': 'IO_DI_70'}, {'P115': 'Timer Input', 'IO_PWD_00': 'IO_ADC_24'}, {'IO_PWD_00': 'IO_DI_36'}, {'P116': 'Timer Input', 'IO_PWD_02': 'IO_ADC_26'}, {'IO_PWD_02': 'IO_DI_38'}, {'P117': 'Timer Input', 'IO_PWD_04': 'IO_ADC_28'}, {'IO_PWD_04': 'IO_DI_40'}, {'P118': 'BAT'}, {'P119': 'BAT'}, {'P120': 'BAT'}, {'P121': 'BAT'}, {'P122': 'Timer Input'}, {'IO_PWD_06': 'IO_DI_42'}, {'P123': 'Timer Input'}, {'IO_PWD_08': 'IO_DI_44'}]</table_56>"
"Which pins are designated for BAT, and do they have any alternative functions?","The pins designated for BAT are P118, P119, P120, and P121. They do not have any specified alternative functions in the provided table.

Here is the relevant table:
<table_56>[{'HS Digital Output': 'Timer Input', 'PVG Output': 'VOUT Output', 'A/D Input (HS Output/PVG/VOUT)': 'Current Loop Input', 'A/D Input (Timer Input)': 'A/D Input (HS Digital Output)', 'A/D Input (LS Digital Output)': 'Analog Current Input 2M', 'Digital Input 2M': 'Analog Current Input 3M', 'Analog Resistance Input 3M': 'Digital Input 3M'}, {'---------------------': '--------------------------------', '--------------': '---------------', '----------------------------------': '----------------------', '---------------------------': '---------------------------------', '---------------------------------': '---------------------------', '--------------------': '---------------------------', '------------------------------': '--------------------'}, {'Pin No.': 'Main Function'}, {'P101': 'HS PWM Output', 'IO_DO_44': 'IO_PWD_12'}, {'IO_PWM_28': 'IO_DI_28'}, {'P102': 'HS PWM Output', 'IO_DO_48': 'IO_PWD_16'}, {'IO_PWM_32': 'IO_DI_32', 'IO_ADC_00': 'IO_ADC_00'}, {'P103': 'Analog Voltage Input IO_ADC_00'}, {'P104': 'Analog Voltage Input', 'IO_ADC_02': 'IO_ADC_02'}, {'P105': 'Analog Voltage Input', 'IO_ADC_04': 'IO_ADC_04'}, {'P106': 'Analog Voltage Input', 'IO_ADC_06': 'IO_ADC_06'}, {'P107': 'Analog Voltage Input', 'IO_ADC_08': 'IO_DI_56'}, {'P108': 'Analog Voltage Input', 'IO_ADC_10': 'IO_DI_58'}, {'P109': 'Analog Voltage Input', 'IO_ADC_12': 'IO_DI_60'}, {'P110': 'Analog Voltage Input', 'IO_ADC_14': 'IO_DI_62'}, {'P111': 'Analog Voltage Input', 'IO_ADC_16': 'IO_DI_64'}, {'P112': 'Analog Voltage Input', 'IO_ADC_18': 'IO_DI_66'}, {'P113': 'Analog Voltage Input', 'IO_ADC_20': 'IO_DI_68'}, {'P114': 'Analog Voltage Input', 'IO_ADC_22': 'IO_DI_70'}, {'P115': 'Timer Input', 'IO_PWD_00': 'IO_ADC_24'}, {'IO_PWD_00': 'IO_DI_36'}, {'P116': 'Timer Input', 'IO_PWD_02': 'IO_ADC_26'}, {'IO_PWD_02': 'IO_DI_38'}, {'P117': 'Timer Input', 'IO_PWD_04': 'IO_ADC_28'}, {'IO_PWD_04': 'IO_DI_40'}, {'P118': 'BAT'}, {'P119': 'BAT'}, {'P120': 'BAT'}, {'P121': 'BAT'}, {'P122': 'Timer Input'}, {'IO_PWD_06': 'IO_DI_42'}, {'P123': 'Timer Input'}, {'IO_PWD_08': 'IO_DI_44'}]</table_56>"
What is the maximum peak non-destructive supply voltage for the BAT+ power pins according to the given parameters?,"The maximum peak non-destructive supply voltage for the BAT+ power pins is 45 V, as specified under the parameter ""BAT+lim"" with notes 1 and 2.

Here is the relevant table:
<table_98>[{'Symbol': 'Parameter', 'Note': 'Min.', 'Max.': 'Unit'}, {'--------------------------------------------------': '-----------------------------------------------------------------------------------------------------------', '-----------------': '--------', '----------': '---------', '------': '----'}, {'BAT+max Permanent non-destructive supply voltage': '1', '-32': '32'}, {'BAT+lim': 'Peak', 'non-destructive': 'supply', 'clamping': 'voltage', '1, 2': '-40', '45': 'V'}, {'I in-lim': 'Peak', 'non-destructive': 'supply', 'clamping': 'current', '1, 2': '-10', '+100': 'A'}, {'Td': 'Load dump protection time according to ISO 7637- 2 [20], Pulse 5, Level IV (superimposed 174 V, Ri = 2 )', '1': '350'}, {'I in-max': 'Permanent battery supply current (all 6 pins in parallel with symmetrical wire connection))', '3': '60'}, {'I in-max': 'Permanent battery supply current per pin', '3': '10'}, {'I in-total': 'Total load current, 12 V and 24 V battery operation', '4': '45'}, {'I in-total': 'Total load current, 12 V and 24 V battery operation', '4,5': '60'}]</table_98>"
What is the load dump protection time according to ISO 7637-2 [20] for the BAT+ power pins?,"The load dump protection time for the BAT+ power pins according to ISO 7637-2 [20], Pulse 5, Level IV (superimposed 174 V, Ri = 2 ) is 350 ms, as specified under the parameter ""Td"" with note 1.

Here is the relevant table:
<table_98>[{'Symbol': 'Parameter', 'Note': 'Min.', 'Max.': 'Unit'}, {'--------------------------------------------------': '-----------------------------------------------------------------------------------------------------------', '-----------------': '--------', '----------': '---------', '------': '----'}, {'BAT+max Permanent non-destructive supply voltage': '1', '-32': '32'}, {'BAT+lim': 'Peak', 'non-destructive': 'supply', 'clamping': 'voltage', '1, 2': '-40', '45': 'V'}, {'I in-lim': 'Peak', 'non-destructive': 'supply', 'clamping': 'current', '1, 2': '-10', '+100': 'A'}, {'Td': 'Load dump protection time according to ISO 7637- 2 [20], Pulse 5, Level IV (superimposed 174 V, Ri = 2 )', '1': '350'}, {'I in-max': 'Permanent battery supply current (all 6 pins in parallel with symmetrical wire connection))', '3': '60'}, {'I in-max': 'Permanent battery supply current per pin', '3': '10'}, {'I in-total': 'Total load current, 12 V and 24 V battery operation', '4': '45'}, {'I in-total': 'Total load current, 12 V and 24 V battery operation', '4,5': '60'}]</table_98>"
What is the maximum peak non-destructive supply voltage for the BAT+ CPU pin?,"The maximum peak non-destructive supply voltage for the BAT+ CPU pin is 45 V, as specified under the parameter ""Uin-lim"" with notes 1 and 2.

Here is the relevant table:
<table_100>[{'Symbol': 'Parameter', 'Note': 'Min.', 'Max.': 'Unit'}, {'----------': '---------', '---------------------------------------------------------------------------------------------------------------------------------------------': '--------', '-----': '-----', '------': '----'}, {'Uin-max': 'Permanent non-destructive supply voltage', '1': '-32', '32': 'V'}, {'Uin-lim': 'Peak', 'non-destructive': 'supply', 'clamping': 'voltage', '1,2': '-40', '45': 'V'}, {'I in-lim': 'Peak', 'non-destructive': 'supply', 'clamping': 'current', '1,2': '-10', '+100': 'A'}, {'Td': 'Load dump protection time according to ISO 7637- 2 [20], Pulse 5, Level IV (superimposed 174 V, Ri = 2 )', '1': '350'}, {'I in-max': 'Permanent input current', '3': '3'}, {'Note': '1'}, {'Note': '2'}]</table_100>"
What is the load dump protection time for the BAT+ CPU pin according to ISO 7637-2 [20]?,"The load dump protection time for the BAT+ CPU pin according to ISO 7637-2 [20], Pulse 5, Level IV (superimposed 174 V, Ri = 2 ) is 350 ms, as specified under the parameter ""Td"" with note 1.

Here is the relevant table:
<table_100>[{'Symbol': 'Parameter', 'Note': 'Min.', 'Max.': 'Unit'}, {'----------': '---------', '---------------------------------------------------------------------------------------------------------------------------------------------': '--------', '-----': '-----', '------': '----'}, {'Uin-max': 'Permanent non-destructive supply voltage', '1': '-32', '32': 'V'}, {'Uin-lim': 'Peak', 'non-destructive': 'supply', 'clamping': 'voltage', '1,2': '-40', '45': 'V'}, {'I in-lim': 'Peak', 'non-destructive': 'supply', 'clamping': 'current', '1,2': '-10', '+100': 'A'}, {'Td': 'Load dump protection time according to ISO 7637- 2 [20], Pulse 5, Level IV (superimposed 174 V, Ri = 2 )', '1': '350'}, {'I in-max': 'Permanent input current', '3': '3'}, {'Note': '1'}, {'Note': '2'}]</table_100>"
What is the supply voltage range for full operation of the unit according to the provided table?,"The supply voltage range for full operation of the unit is 6 V to 32 V, as specified under the parameter ""BAT+"" with note 2.

Here is the relevant table:
<table_101>[{'Symbol': 'Parameter', 'Note': 'Min.', 'Max.': 'Unit'}, {'-----------': '-------------------------------------------------', '-----------------------------------------------------------------------------': '--------', '--------': '--------'}, {'Cin': 'Pin input capacitance', '250': 'F'}, {'BAT+': 'Supply voltage for start-up', '1': '8', '32': 'V'}, {'BAT+': 'Supply voltage for full operation', '2': '6', '32': 'V'}, {'I in-idle': 'Supply current of unit without load (8 V)', '600': 'mA'}, {'I in-idle': 'Supply current of unit without load (12 V)', '400': 'mA'}, {'I in-idle': 'Supply current of unit without load (24 V)', '200': 'mA'}, {'I in-STBY': 'Standby supply current (Terminal 15 and Wake-Up', '1': 'mA'}, {'I in-STBY': 'Standby supply current (Terminal 15 and Wake-Up', '3': '<0.5'}, {'Note': '1'}, {'Note': '2'}, {'Note': '3'}]</table_101>"
What is the standby supply current when Terminal 15 and Wake-Up are off?,"The standby supply current when Terminal 15 and Wake-Up are off is less than 0.5 mA, as specified under the parameter ""I in-STBY"" with note 3.

Here is the relevant table:
<table_101>[{'Symbol': 'Parameter', 'Note': 'Min.', 'Max.': 'Unit'}, {'-----------': '-------------------------------------------------', '-----------------------------------------------------------------------------': '--------', '--------': '--------'}, {'Cin': 'Pin input capacitance', '250': 'F'}, {'BAT+': 'Supply voltage for start-up', '1': '8', '32': 'V'}, {'BAT+': 'Supply voltage for full operation', '2': '6', '32': 'V'}, {'I in-idle': 'Supply current of unit without load (8 V)', '600': 'mA'}, {'I in-idle': 'Supply current of unit without load (12 V)', '400': 'mA'}, {'I in-idle': 'Supply current of unit without load (24 V)', '200': 'mA'}, {'I in-STBY': 'Standby supply current (Terminal 15 and Wake-Up', '1': 'mA'}, {'I in-STBY': 'Standby supply current (Terminal 15 and Wake-Up', '3': '<0.5'}, {'Note': '1'}, {'Note': '2'}, {'Note': '3'}]</table_101>"
What is the nominal battery supply range according to the provided table?,"The nominal battery supply range is 0 to 33 V, as specified under the parameter ""Vnom"" with note 1.

Here is the relevant table:
<table_104>[{'Symbol': 'Parameter', 'Note': 'Min.', 'Max.': 'Unit'}, {'----------': '------------------------------', '--------': '--------'}, {'in': 'First order low pass filter', '1.5': '2.5'}, {'Vnom': 'Nominal battery supply range', '1': '0', '33': 'V'}, {'Vtol-0': 'Zero reading error', '-80': '+80'}, {'Vtol-0': 'Zero reading error', '2': '-67', '+67': 'mV'}, {'Vtol-p': 'Proportional error', '-1.2': '+1.2'}, {'Vtol-p': 'Proportional error', '2': '-1', '+1': '%'}, {'LSB': 'Nominal value of 1 LSB', '-': '13.4'}]</table_104>"
What is the zero reading error range?,"The zero reading error range is -67 mV to +67 mV, as specified under the parameter ""Vtol-0"" with note 2.

Here is the relevant table:
<table_104>[{'Symbol': 'Parameter', 'Note': 'Min.', 'Max.': 'Unit'}, {'----------': '------------------------------', '--------': '--------'}, {'in': 'First order low pass filter', '1.5': '2.5'}, {'Vnom': 'Nominal battery supply range', '1': '0', '33': 'V'}, {'Vtol-0': 'Zero reading error', '-80': '+80'}, {'Vtol-0': 'Zero reading error', '2': '-67', '+67': 'mV'}, {'Vtol-p': 'Proportional error', '-1.2': '+1.2'}, {'Vtol-p': 'Proportional error', '2': '-1', '+1': '%'}, {'LSB': 'Nominal value of 1 LSB', '-': '13.4'}]</table_104>"
What is the range of the pull-up voltage in an open load condition according to the provided table?,"The pull-up voltage (open load) ranges from 4.2 V to 4.8 V, as specified under the parameter ""Vpu.""

Here is the relevant table:

<table_142>[{'Symbol': 'Parameter', 'Note': 'Min.', 'Max.': 'Unit'}, {'------------------------------------------': '---------------------------------------------', '--------': '--------'}, {'Cout': 'Pin input capacitance', '15': '25'}, {'Rpu': 'Pull-up resistor', '4': '5'}, {'Vpu': 'Pull-up voltage (open load)', '4.2': '4.8'}, {'fPWM': 'PWM frequency', '1': '50', '1000': 'Hz'}, {'Tmin-on': 'Minimum on time', '2': '100'}, {'Tmin-off': 'Minimum off time', '2': '200'}, {'Ron': 'On-resistance', '150': 'm'}, {'Imax': 'Maximum load current (f = 50. . . 200 Hz)', '3': 'A'}, {'Imax': 'Maximum load current (f = 50. . . 200 Hz)', '3': '4'}, {'Imax': 'Maximum load current (f = 210. . . 400 Hz)', '1.2': 'A'}, {'Imax': 'Maximum load current (f = 444. . . 1000 Hz)', '0.1': 'A'}, {'Imax': 'Maximum load current (f = 444. . . 1000 Hz)', '4': '1'}, {'Ipeak': 'Peak load current limit', '5': '5.5'}, {'Rload_min Minimum coil resistance (12 V)': '6', '2': ''}, {'Rload_min Minimum coil resistance (24 V)': '6', '4': ''}, {'Rload_max Maximum load resistance': '7', '1': 'k'}]</table_142>"
What is the minimum and maximum capacitance for the pin input?,"The pin input capacitance (Cout) ranges from 15 pF to 25 pF.

Here is the relevant table:

<table_142>[{'Symbol': 'Parameter', 'Note': 'Min.', 'Max.': 'Unit'}, {'------------------------------------------': '---------------------------------------------', '--------': '--------'}, {'Cout': 'Pin input capacitance', '15': '25'}, {'Rpu': 'Pull-up resistor', '4': '5'}, {'Vpu': 'Pull-up voltage (open load)', '4.2': '4.8'}, {'fPWM': 'PWM frequency', '1': '50', '1000': 'Hz'}, {'Tmin-on': 'Minimum on time', '2': '100'}, {'Tmin-off': 'Minimum off time', '2': '200'}, {'Ron': 'On-resistance', '150': 'm'}, {'Imax': 'Maximum load current (f = 50. . . 200 Hz)', '3': 'A'}, {'Imax': 'Maximum load current (f = 50. . . 200 Hz)', '3': '4'}, {'Imax': 'Maximum load current (f = 210. . . 400 Hz)', '1.2': 'A'}, {'Imax': 'Maximum load current (f = 444. . . 1000 Hz)', '0.1': 'A'}, {'Imax': 'Maximum load current (f = 444. . . 1000 Hz)', '4': '1'}, {'Ipeak': 'Peak load current limit', '5': '5.5'}, {'Rload_min Minimum coil resistance (12 V)': '6', '2': ''}, {'Rload_min Minimum coil resistance (24 V)': '6', '4': ''}, {'Rload_max Maximum load resistance': '7', '1': 'k'}]</table_142>"